emoji-symbol,meaning,meaning-indo,emoji-unicode,emoji-name,emoji-name-indo
ğŸ˜„,smiley,tersenyum,Ã°Å¸Ëœâ€,grinning face with smiling eyes,wajah menyeringai dengan mata tersenyum
ğŸ˜ƒ,smiley,tersenyum,Ã°Å¸ËœÆ’,grinning face with big eyes,wajah menyeringai dengan mata besar
ğŸ˜€,smiley,tersenyum,Ã°Å¸Ëœâ‚¬,grinning face,wajah menyeringai
ğŸ˜Š,smiley,tersenyum,Ã°Å¸ËœÅ ,smiling face with smiling eyes,wajah tersenyum dengan mata tersenyum
ğŸ™‚,blush,memerah,Ã¢ËœÂºÃ¯Â¸Â,slightly smiling face,Wajah yang sedikit tersenyum
ğŸ˜‰,wink,mengedip,Ã°Å¸Ëœâ€°,winking face,wajah mengedipkan mata
ğŸ˜,loveeyes,mata cinta,Ã°Å¸ËœÂ,smiling face with heart-eyes,wajah tersenyum dengan hati
ğŸ˜˜,kiss,ciuman,Ã°Å¸ËœËœ,face blowing a kiss,wajah meniup ciuman
ğŸ˜š,kiss,ciuman,Ã°Å¸ËœÅ¡,kissing face with closed eyes,mencium wajah dengan mata tertutup
ğŸ˜—,kiss,ciuman,Ã°Å¸Ëœâ€”,kissing face,wajah berciuman
ğŸ˜™,kiss,ciuman,Ã°Å¸Ëœâ„¢,kissing face with smiling eyes,mencium wajah dengan mata tersenyum
ğŸ˜œ,tongue,lidah,Ã°Å¸ËœÅ“,winking face with tongue,mengedipkan wajah dengan lidah
ğŸ˜,tongue,lidah,Ã°Å¸ËœÂ,squinting face with tongue,Wajah menyipit dengan lidah
ğŸ˜›,tongue,lidah,Ã°Å¸Ëœâ€º,face with tongue,wajah dengan lidah
ğŸ˜³,embarassed,malu,Ã°Å¸ËœÂ³,flushed face,wajah memerah
ğŸ˜,cheese,keju,Ã°Å¸ËœÂ,beaming face with smiling eyes,Wajah berseri -seri dengan mata tersenyum
ğŸ˜”,sad,sedih,Ã°Å¸Ëœâ€,pensive face,wajah termenung
ğŸ˜Œ,sad,sedih,Ã°Å¸ËœÅ’,relieved face,wajah lega
ğŸ˜’,sad,sedih,Ã°Å¸Ëœâ€™,unamused face,wajah yang tidak biasa
ğŸ˜,sad,sedih,Ã°Å¸ËœÅ¾,disappointed face,wajah kecewa
ğŸ˜£,sad,sedih,Ã°Å¸ËœÂ£,persevering face,wajah gigih
ğŸ˜¢,sad,sedih,Ã°Å¸ËœÂ¢,crying face,wajah menangis
ğŸ˜‚,sad,sedih,Ã°Å¸Ëœâ€š,face with tears of joy,wajah dengan air mata sukacita
ğŸ˜­,sad,sedih,Ã°Å¸ËœÂ­,loudly crying face,Wajah menangis dengan keras
ğŸ˜ª,sad,sedih,Ã°Å¸ËœÂª,sleepy face,wajah mengantuk
ğŸ˜¥,sad,sedih,Ã°Å¸ËœÂ¥,sad but relieved face,Wajah sedih tapi lega
ğŸ˜°,sad,sedih,Ã°Å¸ËœÂ°,anxious face with sweat,Wajah cemas dengan keringat
ğŸ˜…,sad,sedih,Ã°Å¸Ëœâ€¦,grinning face with sweat,wajah menyeringai dengan keringat
ğŸ˜“,sad,sedih,Ã°Å¸Ëœâ€œ,downcast face with sweat,Wajah Downcast dengan Keringat
ğŸ˜©,sad,sedih,Ã°Å¸ËœÂ©,weary face,wajah yang lelah
ğŸ˜«,sad,sedih,Ã°Å¸ËœÂ«,tired face,wajah lelah
ğŸ˜¨,worry,khawatir,Ã°Å¸ËœÂ¨,fearful face,wajah yang menakutkan
ğŸ˜¨,worry,khawatir,Ã°Å¸ËœÅ¸,fearful face,wajah yang menakutkan
ğŸ˜Ÿ,worry,khawatir,Ã°Å¸ËœÂ¨,worried face,wajah khawatir
ğŸ˜Ÿ,worry,khawatir,Ã°Å¸ËœÅ¸,worried face,wajah khawatir
ğŸ˜±,worry,khawatir,Ã°Å¸ËœÂ±,face screaming in fear,wajah berteriak ketakutan
ğŸ˜±,worry,khawatir,Ã°Å¸ËœÂ¦,face screaming in fear,wajah berteriak ketakutan
ğŸ˜¦,worry,khawatir,Ã°Å¸ËœÂ±,frowning face with open mouth,wajah mengerutkan kening dengan mulut terbuka
ğŸ˜¦,worry,khawatir,Ã°Å¸ËœÂ¦,frowning face with open mouth,wajah mengerutkan kening dengan mulut terbuka
ğŸ˜ ,angry,marah,Ã°Å¸Ëœ,angry face,wajah marah
ğŸ˜¡,angry,marah,Ã°Å¸ËœÂ¡,enraged face,wajah yang marah
ğŸ˜¤,angry,marah,Ã°Å¸ËœÂ¤,face with steam from nose,wajah dengan uap dari hidung
ğŸ˜–,wince,menggerenyet,Ã°Å¸Ëœâ€“,confounded face,wajah yang dikacaukan
ğŸ˜†,laugh,tertawa,Ã°Å¸Ëœâ€ ,grinning squinting face,Wajah menyipitkan mata yang menyeringai
ğŸ˜‹,licklips,menjilat bibir,Ã°Å¸Ëœâ€¹,face savoring food,wajah menikmati makanan
ğŸ˜·,respirator,alat bantu pernapasan,Ã°Å¸ËœÂ·,face with medical mask,Wajah dengan Topeng Medis
ğŸ˜,sunglasses,kacamata hitam,Ã°Å¸ËœÅ½,smiling face with sunglasses,wajah tersenyum dengan kacamata hitam
ğŸ˜´,Zzz,Zzz,Ã°Å¸ËœÂ´,sleeping face,wajah tidur
ğŸ˜µ,dead,mati,Ã°Å¸ËœÂµ,face with crossed-out eyes,wajah dengan mata juling
ğŸ˜²,dead,mati,Ã°Å¸ËœÂ²,astonished face,Wajah Terkejut
ğŸ˜§,worry,khawatir,Ã°Å¸ËœÂ§,anguished face,wajah yang sedih
ğŸ˜ˆ,devil,iblis,Ã°Å¸ËœË†,smiling face with horns,wajah tersenyum dengan tanduk
ğŸ‘¿,devil,iblis,Ã°Å¸â€˜Â¿,angry face with horns,wajah marah dengan tanduk
ğŸ˜®,oh,Oh,Ã°Å¸ËœÂ®,face with open mouth,wajah dengan mulut terbuka
ğŸ˜¬,cheese,keju,Ã°Å¸ËœÂ¬,grimacing face,wajah meringis
ğŸ˜,straight,lurus,Ã°Å¸ËœÂ,neutral face,wajah netral
ğŸ˜•,worry,khawatir,Ã°Å¸Ëœâ€¢,confused face,wajah bingung
ğŸ˜¯,oh,Oh,Ã°Å¸ËœÂ¯,hushed face,Wajah yang hening
ğŸ˜¶,nomouth,tidak ada mulut,Ã°Å¸ËœÂ¶,face without mouth,wajah tanpa mulut
ğŸ˜‡,angel,malaikat,Ã°Å¸Ëœâ€¡,smiling face with halo,wajah tersenyum dengan halo
ğŸ˜,smirk,seringai,Ã°Å¸ËœÂ,smirking face,wajah menyeringai
ğŸ˜‘,straight,lurus,Ã°Å¸Ëœâ€˜,expressionless face,wajah tanpa ekspresi
ğŸ‘²,gua,gua,Ã°Å¸â€˜Â²,person with skullcap,orang dengan Skullcap
ğŸ‘²ğŸ»,gua,gua,Ã°Å¸â€˜Â²Ã°Å¸ÂÂ»,person with skullcap light skin tone,orang dengan warna kulit ringan Skullcap
ğŸ‘²ğŸ¼,gua,gua,Ã°Å¸â€˜Â²Ã°Å¸ÂÂ¼,person with skullcap medium-light skin tone,orang dengan warna kulit cahaya sedang skullcap
ğŸ‘²ğŸ½,gua,gua,Ã°Å¸â€˜Â²Ã°Å¸ÂÂ½,person with skullcap medium skin tone,orang dengan warna kulit sedang skullcap
ğŸ‘²ğŸ¾,gua,gua,Ã°Å¸â€˜Â²Ã°Å¸ÂÂ¾,person with skullcap medium-dark skin tone,orang dengan warna kulit skullcap sedang-gelap
ğŸ‘²ğŸ¿,gua,gua,Ã°Å¸â€˜Â²Ã°Å¸ÂÂ¿,person with skullcap dark skin tone,orang dengan warna kulit gelap tengkorak
ğŸ‘³,turbin,turbin,Ã°Å¸â€˜Â³,person wearing turban,orang yang memakai sorban
ğŸ‘³ğŸ»,turbin,turbin,Ã°Å¸â€˜Â³Ã°Å¸ÂÂ»,person wearing turban light skin tone,orang yang mengenakan warna kulit ringan sorban
ğŸ‘³ğŸ¼,turbin,turbin,Ã°Å¸â€˜Â³Ã°Å¸ÂÂ¼,person wearing turban medium-light skin tone,orang yang mengenakan warna kulit ringan sorban
ğŸ‘³ğŸ½,turbin,turbin,Ã°Å¸â€˜Â³Ã°Å¸ÂÂ½,person wearing turban medium skin tone,orang yang mengenakan warna kulit sedang turban
ğŸ‘³ğŸ¾,turbin,turbin,Ã°Å¸â€˜Â³Ã°Å¸ÂÂ¾,person wearing turban medium-dark skin tone,orang yang mengenakan warna kulit menengah-gelap sorban
ğŸ‘³ğŸ¿,turbin,turbin,Ã°Å¸â€˜Â³Ã°Å¸ÂÂ¿,person wearing turban dark skin tone,orang yang mengenakan warna kulit gelap sorban
ğŸ‘®,police,POLISI,Ã°Å¸â€˜Â®,police officer,polisi
ğŸ‘®ğŸ»,police,POLISI,Ã°Å¸â€˜Â®Ã°Å¸ÂÂ»,police officer light skin tone,Petugas Polisi Ringan Kulit
ğŸ‘®ğŸ¼,police,POLISI,Ã°Å¸â€˜Â®Ã°Å¸ÂÂ¼,police officer medium-light skin tone,Petugas Polisi Nada kulit cahaya sedang
ğŸ‘®ğŸ½,police,POLISI,Ã°Å¸â€˜Â®Ã°Å¸ÂÂ½,police officer medium skin tone,petugas polisi warna kulit sedang
ğŸ‘®ğŸ¾,police,POLISI,Ã°Å¸â€˜Â®Ã°Å¸ÂÂ¾,police officer medium-dark skin tone,petugas polisi warna kulit gelap-sedang
ğŸ‘®ğŸ¿,police,POLISI,Ã°Å¸â€˜Â®Ã°Å¸ÂÂ¿,police officer dark skin tone,petugas polisi warna kulit gelap
ğŸ‘·,safety,keamanan,Ã°Å¸â€˜Â·,construction worker,Pekerja konstruksi
ğŸ‘·ğŸ»,safety,keamanan,Ã°Å¸â€˜Â·Ã°Å¸ÂÂ»,construction worker light skin tone,nada kulit ringan pekerja konstruksi
ğŸ‘·ğŸ¼,safety,keamanan,Ã°Å¸â€˜Â·Ã°Å¸ÂÂ¼,construction worker medium-light skin tone,Pekerja konstruksi warna kulit cahaya sedang
ğŸ‘·ğŸ½,safety,keamanan,Ã°Å¸â€˜Â·Ã°Å¸ÂÂ½,construction worker medium skin tone,Pekerja konstruksi warna kulit sedang
ğŸ‘·ğŸ¾,safety,keamanan,Ã°Å¸â€˜Â·Ã°Å¸ÂÂ¾,construction worker medium-dark skin tone,Pekerja konstruksi warna kulit sedang-gelap
ğŸ‘·ğŸ¿,safety,keamanan,Ã°Å¸â€˜Â·Ã°Å¸ÂÂ¿,construction worker dark skin tone,pekerja konstruksi warna kulit gelap
ğŸ’‚,russian,Rusia,Ã°Å¸â€™â€š,guard,penjaga
ğŸ’‚ğŸ»,russian,Rusia,Ã°Å¸â€™â€šÃ°Å¸ÂÂ»,guard light skin tone,Jaga warna kulit ringan
ğŸ’‚ğŸ¼,russian,Rusia,Ã°Å¸â€™â€šÃ°Å¸ÂÂ¼,guard medium-light skin tone,menjaga warna kulit cahaya sedang
ğŸ’‚ğŸ½,russian,Rusia,Ã°Å¸â€™â€šÃ°Å¸ÂÂ½,guard medium skin tone,menjaga warna kulit sedang
ğŸ’‚ğŸ¾,russian,Rusia,Ã°Å¸â€™â€šÃ°Å¸ÂÂ¾,guard medium-dark skin tone,Jaga warna kulit sedang-gelap
ğŸ’‚ğŸ¿,russian,Rusia,Ã°Å¸â€™â€šÃ°Å¸ÂÂ¿,guard dark skin tone,menjaga warna kulit gelap
ğŸ‘¶,baby,Sayang,Ã°Å¸â€˜Â¶,baby,bayi
ğŸ‘¶ğŸ»,baby,Sayang,Ã°Å¸â€˜Â¶Ã°Å¸ÂÂ»,baby light skin tone,warna kulit bayi ringan
ğŸ‘¶ğŸ¼,baby,Sayang,Ã°Å¸â€˜Â¶Ã°Å¸ÂÂ¼,baby medium-light skin tone,warna kulit bayi sedang-cerah
ğŸ‘¶ğŸ½,baby,Sayang,Ã°Å¸â€˜Â¶Ã°Å¸ÂÂ½,baby medium skin tone,warna kulit bayi sedang
ğŸ‘¶ğŸ¾,baby,Sayang,Ã°Å¸â€˜Â¶Ã°Å¸ÂÂ¾,baby medium-dark skin tone,warna kulit bayi sedang-gelap
ğŸ‘¶ğŸ¿,baby,Sayang,Ã°Å¸â€˜Â¶Ã°Å¸ÂÂ¿,baby dark skin tone,warna kulit bayi gelap
ğŸ‘¦,boy,anak laki-laki,Ã°Å¸â€˜Â¦,boy,anak laki-laki
ğŸ‘¦ğŸ»,boy,anak laki-laki,Ã°Å¸â€˜Â¦Ã°Å¸ÂÂ»,boy light skin tone,Laki -laki warna kulit ringan
ğŸ‘¦ğŸ¼,boy,anak laki-laki,Ã°Å¸â€˜Â¦Ã°Å¸ÂÂ¼,boy medium-light skin tone,Laki-laki warna kulit cahaya sedang
ğŸ‘¦ğŸ½,boy,anak laki-laki,Ã°Å¸â€˜Â¦Ã°Å¸ÂÂ½,boy medium skin tone,Laki -Laki warna Kulit Medium
ğŸ‘¦ğŸ¾,boy,anak laki-laki,Ã°Å¸â€˜Â¦Ã°Å¸ÂÂ¾,boy medium-dark skin tone,warna kulit laki-laki-gelap
ğŸ‘¦ğŸ¿,boy,anak laki-laki,Ã°Å¸â€˜Â¦Ã°Å¸ÂÂ¿,boy dark skin tone,Boy Dark Skin Tone
ğŸ‘§,girl,gadis,Ã°Å¸â€˜Â§,girl,gadis
ğŸ‘§ğŸ»,girl,gadis,Ã°Å¸â€˜Â§Ã°Å¸ÂÂ»,girl light skin tone,Gadis warna kulit terang
ğŸ‘§ğŸ¼,girl,gadis,Ã°Å¸â€˜Â§Ã°Å¸ÂÂ¼,girl medium-light skin tone,Gadis warna kulit cahaya sedang
ğŸ‘§ğŸ½,girl,gadis,Ã°Å¸â€˜Â§Ã°Å¸ÂÂ½,girl medium skin tone,Gadis warna Kulit Medium
ğŸ‘§ğŸ¾,girl,gadis,Ã°Å¸â€˜Â§Ã°Å¸ÂÂ¾,girl medium-dark skin tone,Gadis warna kulit sedang-gelap
ğŸ‘§ğŸ¿,girl,gadis,Ã°Å¸â€˜Â§Ã°Å¸ÂÂ¿,girl dark skin tone,Gadis warna kulit gelap
ğŸ‘¨,man,pria,Ã°Å¸â€˜Â¨,man,pria
ğŸ‘¨ğŸ»,man,pria,Ã°Å¸â€˜Â¨Ã°Å¸ÂÂ»,man light skin tone,pria warna kulit terang
ğŸ‘¨ğŸ¼,man,pria,Ã°Å¸â€˜Â¨Ã°Å¸ÂÂ¼,man medium-light skin tone,pria warna kulit cerah sedang
ğŸ‘¨ğŸ½,man,pria,Ã°Å¸â€˜Â¨Ã°Å¸ÂÂ½,man medium skin tone,pria warna kulit sedang
ğŸ‘¨ğŸ¾,man,pria,Ã°Å¸â€˜Â¨Ã°Å¸ÂÂ¾,man medium-dark skin tone,pria dengan warna kulit sedang-gelap
ğŸ‘¨ğŸ¿,man,pria,Ã°Å¸â€˜Â¨Ã°Å¸ÂÂ¿,man dark skin tone,pria warna kulit gelap
ğŸ‘©,woman,wanita,Ã°Å¸â€˜Â©,woman,wanita
ğŸ‘©ğŸ»,woman,wanita,Ã°Å¸â€˜Â©Ã°Å¸ÂÂ»,woman light skin tone,wanita warna kulit terang
ğŸ‘©ğŸ¼,woman,wanita,Ã°Å¸â€˜Â©Ã°Å¸ÂÂ¼,woman medium-light skin tone,wanita nada kulit cahaya sedang
ğŸ‘©ğŸ½,woman,wanita,Ã°Å¸â€˜Â©Ã°Å¸ÂÂ½,woman medium skin tone,warna kulit sedang wanita
ğŸ‘©ğŸ¾,woman,wanita,Ã°Å¸â€˜Â©Ã°Å¸ÂÂ¾,woman medium-dark skin tone,wanita nada kulit sedang-gelap
ğŸ‘©ğŸ¿,woman,wanita,Ã°Å¸â€˜Â©Ã°Å¸ÂÂ¿,woman dark skin tone,wanita warna kulit gelap
ğŸ‘´,grandpa,kakek,Ã°Å¸â€˜Â´,old man,pria tua
ğŸ‘´ğŸ»,grandpa,kakek,Ã°Å¸â€˜Â´Ã°Å¸ÂÂ»,old man light skin tone,warna kulit pria tua
ğŸ‘´ğŸ¼,grandpa,kakek,Ã°Å¸â€˜Â´Ã°Å¸ÂÂ¼,old man medium-light skin tone,warna kulit cahaya pria tua
ğŸ‘´ğŸ½,grandpa,kakek,Ã°Å¸â€˜Â´Ã°Å¸ÂÂ½,old man medium skin tone,Nada Kulit Medium Pria Tua
ğŸ‘´ğŸ¾,grandpa,kakek,Ã°Å¸â€˜Â´Ã°Å¸ÂÂ¾,old man medium-dark skin tone,Nada kulit pria-pria tua sedang
ğŸ‘´ğŸ¿,grandpa,kakek,Ã°Å¸â€˜Â´Ã°Å¸ÂÂ¿,old man dark skin tone,Nada Kulit Gelap Pria Tua
ğŸ‘µ,grandma,nenek,Ã°Å¸â€˜Âµ,old woman,wanita tua
ğŸ‘µğŸ»,grandma,nenek,Ã°Å¸â€˜ÂµÃ°Å¸ÂÂ»,old woman light skin tone,wanita tua warna kulit terang
ğŸ‘µğŸ¼,grandma,nenek,Ã°Å¸â€˜ÂµÃ°Å¸ÂÂ¼,old woman medium-light skin tone,wanita tua nada kulit cahaya sedang
ğŸ‘µğŸ½,grandma,nenek,Ã°Å¸â€˜ÂµÃ°Å¸ÂÂ½,old woman medium skin tone,wanita tua nada kulit sedang
ğŸ‘µğŸ¾,grandma,nenek,Ã°Å¸â€˜ÂµÃ°Å¸ÂÂ¾,old woman medium-dark skin tone,wanita tua nada kulit sedang-gelap
ğŸ‘µğŸ¿,grandma,nenek,Ã°Å¸â€˜ÂµÃ°Å¸ÂÂ¿,old woman dark skin tone,wanita tua warna kulit gelap
ğŸ‘±,blonde,pirang,Ã°Å¸â€˜Â±,person blond hair,rambut pirang orang
ğŸ‘±ğŸ»,blonde,pirang,Ã°Å¸â€˜Â±Ã°Å¸ÂÂ»,person light skin tone blond hair,orang berambut kulit ringan rambut pirang
ğŸ‘±ğŸ¼,blonde,pirang,Ã°Å¸â€˜Â±Ã°Å¸ÂÂ¼,person medium-light skin tone blond hair,orang menengah warna kulit pirang
ğŸ‘±ğŸ½,blonde,pirang,Ã°Å¸â€˜Â±Ã°Å¸ÂÂ½,person medium skin tone blond hair,orang menengah kulit menengah rambut pirang
ğŸ‘±ğŸ¾,blonde,pirang,Ã°Å¸â€˜Â±Ã°Å¸ÂÂ¾,person medium-dark skin tone blond hair,orang menengah warna kulit gelap rambut pirang
ğŸ‘±ğŸ¿,blonde,pirang,Ã°Å¸â€˜Â±Ã°Å¸ÂÂ¿,person dark skin tone blond hair,orang kulit gelap warna pirang
ğŸ‘¼,angel,malaikat,Ã°Å¸â€˜Â¼,baby angel,bayi malaikat
ğŸ‘¼ğŸ»,angel,malaikat,Ã°Å¸â€˜Â¼Ã°Å¸ÂÂ»,baby angel light skin tone,bayi malaikat warna kulit cerah
ğŸ‘¼ğŸ¼,angel,malaikat,Ã°Å¸â€˜Â¼Ã°Å¸ÂÂ¼,baby angel medium-light skin tone,Bayi malaikat nada kulit cahaya sedang
ğŸ‘¼ğŸ½,angel,malaikat,Ã°Å¸â€˜Â¼Ã°Å¸ÂÂ½,baby angel medium skin tone,bayi malaikat warna kulit sedang
ğŸ‘¼ğŸ¾,angel,malaikat,Ã°Å¸â€˜Â¼Ã°Å¸ÂÂ¾,baby angel medium-dark skin tone,bayi malaikat warna kulit gelap-sedang
ğŸ‘¼ğŸ¿,angel,malaikat,Ã°Å¸â€˜Â¼Ã°Å¸ÂÂ¿,baby angel dark skin tone,bayi malaikat warna kulit gelap
ğŸ‘¸,princess,putri,Ã°Å¸â€˜Â¸,princess,putri
ğŸ‘¸ğŸ»,princess,putri,Ã°Å¸â€˜Â¸Ã°Å¸ÂÂ»,princess light skin tone,putri warna kulit cerah
ğŸ‘¸ğŸ¼,princess,putri,Ã°Å¸â€˜Â¸Ã°Å¸ÂÂ¼,princess medium-light skin tone,putri warna kulit cerah sedang
ğŸ‘¸ğŸ½,princess,putri,Ã°Å¸â€˜Â¸Ã°Å¸ÂÂ½,princess medium skin tone,putri warna kulit sedang
ğŸ‘¸ğŸ¾,princess,putri,Ã°Å¸â€˜Â¸Ã°Å¸ÂÂ¾,princess medium-dark skin tone,putri warna kulit gelap sedang
ğŸ‘¸ğŸ¿,princess,putri,Ã°Å¸â€˜Â¸Ã°Å¸ÂÂ¿,princess dark skin tone,warna kulit putri gelap
ğŸ˜º,smile,senyum,Ã°Å¸ËœÂº,grinning cat,kucing yang menyeringai
ğŸ˜¸,smile,senyum,Ã°Å¸ËœÂ¸,grinning cat with smiling eyes,kucing menyeringai dengan mata tersenyum
ğŸ˜»,hearteyes,mata hati,Ã°Å¸ËœÂ»,smiling cat with heart-eyes,Kucing tersenyum dengan hati
ğŸ˜½,kiss,ciuman,Ã°Å¸ËœÂ½,kissing cat,Kucing mencium
ğŸ˜¼,angry,marah,Ã°Å¸ËœÂ¼,cat with wry smile,kucing dengan senyum masam
ğŸ™€,shocked,terkejut,Ã°Å¸â„¢â‚¬,weary cat,Kucing yang lelah
ğŸ˜¿,sad,sedih,Ã°Å¸ËœÂ¿,crying cat,kucing menangis
ğŸ˜¹,sad,sedih,Ã°Å¸ËœÂ¹,cat with tears of joy,kucing dengan air mata sukacita
ğŸ˜¾,side,samping,Ã°Å¸ËœÂ¾,pouting cat,kucing cemberut
ğŸ‘¹,redmask,topeng merah,Ã°Å¸â€˜Â¹,ogre,raksasa
ğŸ‘º,redmask,topeng merah,Ã°Å¸â€˜Âº,goblin,Goblin
ğŸ™ˆ,seeno,lihat,Ã°Å¸â„¢Ë†,see-no-evil monkey,monyet yang tidak terlihat jahat
ğŸ™‰,hearno,dengar,Ã°Å¸â„¢â€°,hear-no-evil monkey,monyet jahat yang tidak bisa mendengar 
ğŸ™Š,speakno,berbicara tidak,Ã°Å¸â„¢Å ,speak-no-evil monkey,monyet jahat yang tidak berbicara
ğŸ’€,skull,tengkorak,Ã°Å¸â€™â‚¬,skull,tengkorak
ğŸ‘½,alien,asing,Ã°Å¸â€˜Â½,alien,asing
ğŸ’©,poop,tinja,Ã°Å¸â€™Â©,pile of poo,tumpukan kotoran
ğŸ”¥,fire,api,Ã°Å¸â€Â¥,fire,api
âœ¨,stars,bintang,Ã¢Å“Â¨,sparkles,berkilau
ğŸŒŸ,stars,bintang,Ã°Å¸Å’Å¸,glowing star,bintang bersinar
ğŸ’«,stars,bintang,Ã°Å¸â€™Â«,dizzy,pusing
ğŸ’¥,firework,kembang api,Ã°Å¸â€™Â¥,collision,tabrakan
ğŸ’¢,flare,suar,Ã°Å¸â€™Â¢,anger symbol,Simbol kemarahan
ğŸ’¦,water,air,Ã°Å¸â€™Â¦,sweat droplets,tetesan keringat
ğŸ’§,water,air,Ã°Å¸â€™Â§,droplet,tetesan kecil
ğŸ’¤,Zzz,Zzz,Ã°Å¸â€™Â¤,ZZZ,Zzz
ğŸ’¨,wind,angin,Ã°Å¸â€™Â¨,dashing away,berlari pergi
ğŸ‘‚,ear,telinga,Ã°Å¸â€˜â€š,ear,telinga
ğŸ‘‚ğŸ»,ear,telinga,Ã°Å¸â€˜â€šÃ°Å¸ÂÂ»,ear light skin tone,Telinga warna kulit ringan
ğŸ‘‚ğŸ¼,ear,telinga,Ã°Å¸â€˜â€šÃ°Å¸ÂÂ¼,ear medium-light skin tone,Telinga nada kulit cahaya sedang
ğŸ‘‚ğŸ½,ear,telinga,Ã°Å¸â€˜â€šÃ°Å¸ÂÂ½,ear medium skin tone,Telinga warna kulit sedang
ğŸ‘‚ğŸ¾,ear,telinga,Ã°Å¸â€˜â€šÃ°Å¸ÂÂ¾,ear medium-dark skin tone,Telinga warna kulit sedang-gelap
ğŸ‘‚ğŸ¿,ear,telinga,Ã°Å¸â€˜â€šÃ°Å¸ÂÂ¿,ear dark skin tone,Telinga warna kulit gelap
ğŸ‘€,eyes,mata,Ã°Å¸â€˜â‚¬,eyes,mata
ğŸ‘ƒ,nose,hidung,Ã°Å¸â€˜Æ’,nose,hidung
ğŸ‘ƒğŸ»,nose,hidung,Ã°Å¸â€˜Æ’Ã°Å¸ÂÂ»,nose light skin tone,warna kulit hidung cerah
ğŸ‘ƒğŸ¼,nose,hidung,Ã°Å¸â€˜Æ’Ã°Å¸ÂÂ¼,nose medium-light skin tone,hidung nada kulit cahaya sedang
ğŸ‘ƒğŸ½,nose,hidung,Ã°Å¸â€˜Æ’Ã°Å¸ÂÂ½,nose medium skin tone,Hidung warna kulit sedang
ğŸ‘ƒğŸ¾,nose,hidung,Ã°Å¸â€˜Æ’Ã°Å¸ÂÂ¾,nose medium-dark skin tone,hidung warna kulit sedang-gelap
ğŸ‘ƒğŸ¿,nose,hidung,Ã°Å¸â€˜Æ’Ã°Å¸ÂÂ¿,nose dark skin tone,hidung warna kulit gelap
ğŸ‘…,tongue,lidah,Ã°Å¸â€˜â€¦,tongue,lidah
ğŸ‘„,lips,bibir,Ã°Å¸â€˜â€,mouth,mulut
ğŸ‘,thumbsup,jempolan,Ã°Å¸â€˜Â,thumbs up,jempolan
ğŸ‘ğŸ»,thumbsup,jempolan,Ã°Å¸â€˜ÂÃ°Å¸ÂÂ»,thumbs up light skin tone,jempol warna kulit ringan
ğŸ‘ğŸ¼,thumbsup,jempolan,Ã°Å¸â€˜ÂÃ°Å¸ÂÂ¼,thumbs up medium-light skin tone,jempol warna kulit cahaya sedang
ğŸ‘ğŸ½,thumbsup,jempolan,Ã°Å¸â€˜ÂÃ°Å¸ÂÂ½,thumbs up medium skin tone,jempol warna kulit sedang
ğŸ‘ğŸ¾,thumbsup,jempolan,Ã°Å¸â€˜ÂÃ°Å¸ÂÂ¾,thumbs up medium-dark skin tone,jempol nada kulit sedang-gelap
ğŸ‘ğŸ¿,thumbsup,jempolan,Ã°Å¸â€˜ÂÃ°Å¸ÂÂ¿,thumbs up dark skin tone,jempol warna kulit gelap
ğŸ‘,thumbsdown,jempol ke bawah,Ã°Å¸â€˜Å½,thumbs down,jempol ke bawah
ğŸ‘ğŸ»,thumbsdown,jempol ke bawah,Ã°Å¸â€˜Å½Ã°Å¸ÂÂ»,thumbs down light skin tone,jempol warna kulit ringan
ğŸ‘ğŸ¼,thumbsdown,jempol ke bawah,Ã°Å¸â€˜Å½Ã°Å¸ÂÂ¼,thumbs down medium-light skin tone,Jempol ke bawah warna kulit cahaya sedang
ğŸ‘ğŸ½,thumbsdown,jempol ke bawah,Ã°Å¸â€˜Å½Ã°Å¸ÂÂ½,thumbs down medium skin tone,Jempol ke bawah warna kulit sedang
ğŸ‘ğŸ¾,thumbsdown,jempol ke bawah,Ã°Å¸â€˜Å½Ã°Å¸ÂÂ¾,thumbs down medium-dark skin tone,Jempol ke bawah warna kulit gelap
ğŸ‘ğŸ¿,thumbsdown,jempol ke bawah,Ã°Å¸â€˜Å½Ã°Å¸ÂÂ¿,thumbs down dark skin tone,jempol warna kulit gelap
ğŸ‘Œ,ok,Oke,Ã°Å¸â€˜Å’,OK hand,OK Tangan
ğŸ‘ŒğŸ»,ok,Oke,Ã°Å¸â€˜Å’Ã°Å¸ÂÂ»,OK hand light skin tone,Oke tangan warna kulit cerah
ğŸ‘ŒğŸ¼,ok,Oke,Ã°Å¸â€˜Å’Ã°Å¸ÂÂ¼,OK hand medium-light skin tone,Oke tangan warna kulit cerah-sedang
ğŸ‘ŒğŸ½,ok,Oke,Ã°Å¸â€˜Å’Ã°Å¸ÂÂ½,OK hand medium skin tone,Oke tangan warna kulit sedang
ğŸ‘ŒğŸ¾,ok,Oke,Ã°Å¸â€˜Å’Ã°Å¸ÂÂ¾,OK hand medium-dark skin tone,Oke warna kulit tangan sedang-gelap
ğŸ‘ŒğŸ¿,ok,Oke,Ã°Å¸â€˜Å’Ã°Å¸ÂÂ¿,OK hand dark skin tone,Oke tangan warna kulit gelap
ğŸ‘Š,pound,pound,Ã°Å¸â€˜Å ,oncoming fist,tinju yang mendekat
ğŸ‘ŠğŸ»,pound,pound,Ã°Å¸â€˜Å Ã°Å¸ÂÂ»,oncoming fist light skin tone,tinju mendekat warna kulit cerah
ğŸ‘ŠğŸ¼,pound,pound,Ã°Å¸â€˜Å Ã°Å¸ÂÂ¼,oncoming fist medium-light skin tone,tinju mendekat warna kulit cerah-sedang
ğŸ‘ŠğŸ½,pound,pound,Ã°Å¸â€˜Å Ã°Å¸ÂÂ½,oncoming fist medium skin tone,tinju mendekat warna kulit sedang
ğŸ‘ŠğŸ¾,pound,pound,Ã°Å¸â€˜Å Ã°Å¸ÂÂ¾,oncoming fist medium-dark skin tone,tinju mendekat warna kulit gelap-sedang
ğŸ‘ŠğŸ¿,pound,pound,Ã°Å¸â€˜Å Ã°Å¸ÂÂ¿,oncoming fist dark skin tone,tinju mendekat warna kulit gelap
âœŠ,power,kekuatan,Ã¢Å“Å ,raised fist,mengangkat tinju
âœŠğŸ»,power,kekuatan,Ã¢Å“Å Ã°Å¸ÂÂ»,raised fist light skin tone,tinju terangkat warna kulit cerah
âœŠğŸ¼,power,kekuatan,Ã¢Å“Å Ã°Å¸ÂÂ¼,raised fist medium-light skin tone,tangan terangkat warna kulit cerah-sedang
âœŠğŸ½,power,kekuatan,Ã¢Å“Å Ã°Å¸ÂÂ½,raised fist medium skin tone,tinju terangkat warna kulit sedang
âœŠğŸ¾,power,kekuatan,Ã¢Å“Å Ã°Å¸ÂÂ¾,raised fist medium-dark skin tone,tinju terangkat warna kulit gelap-sedang
âœŠğŸ¿,power,kekuatan,Ã¢Å“Å Ã°Å¸ÂÂ¿,raised fist dark skin tone,tinju terangkat warna kulit gelap
âœŒï¸,victory,kemenangan,Ã¢Å“Å’Ã¯Â¸Â,victory hand,tangan kemenangan
âœŒğŸ»,victory,kemenangan,Ã¢Å“Å’Ã°Å¸ÂÂ»,victory hand light skin tone,tangan kemenangan warna kulit cerah
âœŒğŸ¼,victory,kemenangan,Ã¢Å“Å’Ã°Å¸ÂÂ¼,victory hand medium-light skin tone,tangan kemenangan warna kulit cerah-sedang
âœŒğŸ½,victory,kemenangan,Ã¢Å“Å’Ã°Å¸ÂÂ½,victory hand medium skin tone,tangan kemenangan warna kulit sedang
âœŒğŸ¾,victory,kemenangan,Ã¢Å“Å’Ã°Å¸ÂÂ¾,victory hand medium-dark skin tone,tangan kemenangan warna kulit gelap-sedang
âœŒğŸ¿,victory,kemenangan,Ã¢Å“Å’Ã°Å¸ÂÂ¿,victory hand dark skin tone,tangan kemenangan warna kulit gelap
ğŸ‘‹,wave,melambai,Ã°Å¸â€˜â€¹,waving hand,melambaikan tangan
ğŸ‘‹ğŸ»,wave,melambai,Ã°Å¸â€˜â€¹Ã°Å¸ÂÂ»,waving hand light skin tone,melambaikan warna kulit ringan
ğŸ‘‹ğŸ¼,wave,melambai,Ã°Å¸â€˜â€¹Ã°Å¸ÂÂ¼,waving hand medium-light skin tone,melambaikan warna kulit cahaya sedang
ğŸ‘‹ğŸ½,wave,melambai,Ã°Å¸â€˜â€¹Ã°Å¸ÂÂ½,waving hand medium skin tone,melambaikan warna kulit sedang
ğŸ‘‹ğŸ¾,wave,melambai,Ã°Å¸â€˜â€¹Ã°Å¸ÂÂ¾,waving hand medium-dark skin tone,melambaikan warna kulit sedang-gelap
ğŸ‘‹ğŸ¿,wave,melambai,Ã°Å¸â€˜â€¹Ã°Å¸ÂÂ¿,waving hand dark skin tone,melambaikan warna kulit gelap tangan
âœ‹,raise,mengangkat,Ã¢Å“â€¹,raised hand,mengangkat tangan
âœ‹ğŸ»,raise,mengangkat,Ã¢Å“â€¹Ã°Å¸ÂÂ»,raised hand light skin tone,tangan terangkat warna kulit cerah
âœ‹ğŸ¼,raise,mengangkat,Ã¢Å“â€¹Ã°Å¸ÂÂ¼,raised hand medium-light skin tone,tangan terangkat warna kulit cerah sedang
âœ‹ğŸ½,raise,mengangkat,Ã¢Å“â€¹Ã°Å¸ÂÂ½,raised hand medium skin tone,tangan terangkat warna kulit sedang
âœ‹ğŸ¾,raise,mengangkat,Ã¢Å“â€¹Ã°Å¸ÂÂ¾,raised hand medium-dark skin tone,tangan terangkat warna kulit gelap-sedang
âœ‹ğŸ¿,raise,mengangkat,Ã¢Å“â€¹Ã°Å¸ÂÂ¿,raised hand dark skin tone,tangan terangkat warna kulit gelap
ğŸ‘,W,W,Ã°Å¸â€˜Â,open hands,buka tangan
ğŸ‘ğŸ»,W,W,Ã°Å¸â€˜ÂÃ°Å¸ÂÂ»,open hands light skin tone,buka tangan warna kulit terang
ğŸ‘ğŸ¼,W,W,Ã°Å¸â€˜ÂÃ°Å¸ÂÂ¼,open hands medium-light skin tone,buka tangan nada kulit cahaya sedang
ğŸ‘ğŸ½,W,W,Ã°Å¸â€˜ÂÃ°Å¸ÂÂ½,open hands medium skin tone,buka tangan warna kulit sedang
ğŸ‘ğŸ¾,W,W,Ã°Å¸â€˜ÂÃ°Å¸ÂÂ¾,open hands medium-dark skin tone,buka tangan nada kulit sedang-gelap
ğŸ‘ğŸ¿,W,W,Ã°Å¸â€˜ÂÃ°Å¸ÂÂ¿,open hands dark skin tone,buka tangan warna kulit gelap
ğŸ‘†,pointup,titik atas,Ã°Å¸â€˜â€ ,backhand index pointing up,indeks backhand mengarah ke atas
ğŸ‘†ğŸ»,pointup,titik atas,Ã°Å¸â€˜â€ Ã°Å¸ÂÂ»,backhand index pointing up light skin tone,indeks backhand menunjuk ke atas warna kulit cerah
ğŸ‘†ğŸ¼,pointup,titik atas,Ã°Å¸â€˜â€ Ã°Å¸ÂÂ¼,backhand index pointing up medium-light skin tone,indeks backhand menunjuk ke atas warna kulit cerah sedang
ğŸ‘†ğŸ½,pointup,titik atas,Ã°Å¸â€˜â€ Ã°Å¸ÂÂ½,backhand index pointing up medium skin tone,indeks backhand menunjuk ke atas warna kulit sedang
ğŸ‘†ğŸ¾,pointup,titik atas,Ã°Å¸â€˜â€ Ã°Å¸ÂÂ¾,backhand index pointing up medium-dark skin tone,indeks backhand menunjuk ke atas warna kulit sedang-gelap
ğŸ‘†ğŸ¿,pointup,titik atas,Ã°Å¸â€˜â€ Ã°Å¸ÂÂ¿,backhand index pointing up dark skin tone,indeks backhand menunjuk ke atas warna kulit gelap
ğŸ‘‡,pointdown,Titik bawah,Ã°Å¸â€˜â€¡,backhand index pointing down,indeks backhand menunjuk ke bawah
ğŸ‘‡ğŸ»,pointdown,Titik bawah,Ã°Å¸â€˜â€¡Ã°Å¸ÂÂ»,backhand index pointing down light skin tone,indeks backhand menunjuk ke bawah warna kulit cerah
ğŸ‘‡ğŸ¼,pointdown,Titik bawah,Ã°Å¸â€˜â€¡Ã°Å¸ÂÂ¼,backhand index pointing down medium-light skin tone,indeks backhand menunjuk ke bawah warna kulit cerah-sedang
ğŸ‘‡ğŸ½,pointdown,Titik bawah,Ã°Å¸â€˜â€¡Ã°Å¸ÂÂ½,backhand index pointing down medium skin tone,indeks backhand menunjuk ke bawah warna kulit sedang
ğŸ‘‡ğŸ¾,pointdown,Titik bawah,Ã°Å¸â€˜â€¡Ã°Å¸ÂÂ¾,backhand index pointing down medium-dark skin tone,indeks backhand menunjuk ke bawah warna kulit sedang-gelap
ğŸ‘‡ğŸ¿,pointdown,Titik bawah,Ã°Å¸â€˜â€¡Ã°Å¸ÂÂ¿,backhand index pointing down dark skin tone,indeks backhand menunjuk ke bawah warna kulit gelap
ğŸ‘‰,pointright,tepat sasaran,Ã°Å¸â€˜â€°,backhand index pointing right,indeks backhand menunjuk ke kanan
ğŸ‘‰ğŸ»,pointright,tepat sasaran,Ã°Å¸â€˜â€°Ã°Å¸ÂÂ»,backhand index pointing right light skin tone,indeks backhand menunjuk ke kanan warna kulit cerah
ğŸ‘‰ğŸ¼,pointright,tepat sasaran,Ã°Å¸â€˜â€°Ã°Å¸ÂÂ¼,backhand index pointing right medium-light skin tone,indeks backhand menunjuk ke kanan warna kulit cerah-sedang
ğŸ‘‰ğŸ½,pointright,tepat sasaran,Ã°Å¸â€˜â€°Ã°Å¸ÂÂ½,backhand index pointing right medium skin tone,indeks backhand menunjuk ke kanan warna kulit sedang
ğŸ‘‰ğŸ¾,pointright,tepat sasaran,Ã°Å¸â€˜â€°Ã°Å¸ÂÂ¾,backhand index pointing right medium-dark skin tone,indeks backhand menunjuk ke kanan warna kulit sedang-gelap
ğŸ‘‰ğŸ¿,pointright,tepat sasaran,Ã°Å¸â€˜â€°Ã°Å¸ÂÂ¿,backhand index pointing right dark skin tone,indeks backhand menunjuk ke kanan warna kulit gelap
ğŸ‘ˆ,pointleft,titik kiri,Ã°Å¸â€˜Ë†,backhand index pointing left,indeks backhand menunjuk ke kiri
ğŸ‘ˆğŸ»,pointleft,titik kiri,Ã°Å¸â€˜Ë†Ã°Å¸ÂÂ»,backhand index pointing left light skin tone,indeks backhand menunjuk ke kiri warna kulit cerah
ğŸ‘ˆğŸ¼,pointleft,titik kiri,Ã°Å¸â€˜Ë†Ã°Å¸ÂÂ¼,backhand index pointing left medium-light skin tone,indeks backhand menunjuk ke kiri warna kulit cerah-sedang
ğŸ‘ˆğŸ½,pointleft,titik kiri,Ã°Å¸â€˜Ë†Ã°Å¸ÂÂ½,backhand index pointing left medium skin tone,indeks backhand menunjuk ke kiri warna kulit sedang
ğŸ‘ˆğŸ¾,pointleft,titik kiri,Ã°Å¸â€˜Ë†Ã°Å¸ÂÂ¾,backhand index pointing left medium-dark skin tone,indeks backhand menunjuk ke kiri warna kulit sedang-gelap
ğŸ‘ˆğŸ¿,pointleft,titik kiri,Ã°Å¸â€˜Ë†Ã°Å¸ÂÂ¿,backhand index pointing left dark skin tone,indeks backhand menunjuk ke kiri warna kulit gelap
ğŸ™Œ,td,td,Ã°Å¸â„¢Å’,raising hands,mengangkat tangan
ğŸ™ŒğŸ»,td,td,Ã°Å¸â„¢Å’Ã°Å¸ÂÂ»,raising hands light skin tone,mengangkat tangan warna kulit cerah
ğŸ™ŒğŸ¼,td,td,Ã°Å¸â„¢Å’Ã°Å¸ÂÂ¼,raising hands medium-light skin tone,mengangkat tangan warna kulit cerah-sedang
ğŸ™ŒğŸ½,td,td,Ã°Å¸â„¢Å’Ã°Å¸ÂÂ½,raising hands medium skin tone,mengangkat tangan warna kulit sedang
ğŸ™ŒğŸ¾,td,td,Ã°Å¸â„¢Å’Ã°Å¸ÂÂ¾,raising hands medium-dark skin tone,mengangkat tangan warna kulit gelap sedang
ğŸ™ŒğŸ¿,td,td,Ã°Å¸â„¢Å’Ã°Å¸ÂÂ¿,raising hands dark skin tone,mengangkat tangan warna kulit gelap
ğŸ™,prayer,doa,Ã°Å¸â„¢Â,folded hands,tangan terlipat
ğŸ™ğŸ»,prayer,doa,Ã°Å¸â„¢ÂÃ°Å¸ÂÂ»,folded hands light skin tone,tangan terlipat warna kulit cerah
ğŸ™ğŸ¼,prayer,doa,Ã°Å¸â„¢ÂÃ°Å¸ÂÂ¼,folded hands medium-light skin tone,tangan terlipat warna kulit cerah-sedang
ğŸ™ğŸ½,prayer,doa,Ã°Å¸â„¢ÂÃ°Å¸ÂÂ½,folded hands medium skin tone,tangan terlipat warna kulit sedang
ğŸ™ğŸ¾,prayer,doa,Ã°Å¸â„¢ÂÃ°Å¸ÂÂ¾,folded hands medium-dark skin tone,tangan terlipat warna kulit gelap-sedang
ğŸ™ğŸ¿,prayer,doa,Ã°Å¸â„¢ÂÃ°Å¸ÂÂ¿,folded hands dark skin tone,tangan terlipat warna kulit gelap
â˜ï¸,number,nomor,Ã¢ËœÂÃ¯Â¸Â,index pointing up,indeks mengarah ke atas
â˜ğŸ»,number,nomor,Ã¢ËœÂÃ°Å¸ÂÂ»,index pointing up light skin tone,indeks menunjuk ke atas warna kulit terang
â˜ğŸ¼,number,nomor,Ã¢ËœÂÃ°Å¸ÂÂ¼,index pointing up medium-light skin tone,indeks menunjuk ke atas warna kulit cerah sedang
â˜ğŸ½,number,nomor,Ã¢ËœÂÃ°Å¸ÂÂ½,index pointing up medium skin tone,indeks menunjuk ke atas warna kulit sedang
â˜ğŸ¾,number,nomor,Ã¢ËœÂÃ°Å¸ÂÂ¾,index pointing up medium-dark skin tone,indeks menunjuk ke atas warna kulit sedang-gelap
â˜ğŸ¿,number,nomor,Ã¢ËœÂÃ°Å¸ÂÂ¿,index pointing up dark skin tone,indeks menunjuk ke atas warna kulit gelap
ğŸ‘,clap,tepuk,Ã°Å¸â€˜Â,clapping hands,bertepuk tangan
ğŸ‘ğŸ»,clap,tepuk,Ã°Å¸â€˜ÂÃ°Å¸ÂÂ»,clapping hands light skin tone,bertepuk tangan warna kulit cerah
ğŸ‘ğŸ¼,clap,tepuk,Ã°Å¸â€˜ÂÃ°Å¸ÂÂ¼,clapping hands medium-light skin tone,bertepuk tangan warna kulit cerah-sedang
ğŸ‘ğŸ½,clap,tepuk,Ã°Å¸â€˜ÂÃ°Å¸ÂÂ½,clapping hands medium skin tone,bertepuk tangan warna kulit sedang
ğŸ‘ğŸ¾,clap,tepuk,Ã°Å¸â€˜ÂÃ°Å¸ÂÂ¾,clapping hands medium-dark skin tone,bertepuk tangan warna kulit sedang-gelap
ğŸ‘ğŸ¿,clap,tepuk,Ã°Å¸â€˜ÂÃ°Å¸ÂÂ¿,clapping hands dark skin tone,bertepuk tangan warna kulit gelap
ğŸ’ª,bicep,bisep,Ã°Å¸â€™Âª,flexed biceps,bisep tertekuk
ğŸ’ªğŸ»,bicep,bisep,Ã°Å¸â€™ÂªÃ°Å¸ÂÂ»,flexed biceps light skin tone,bisep tertekuk warna kulit cerah
ğŸ’ªğŸ¼,bicep,bisep,Ã°Å¸â€™ÂªÃ°Å¸ÂÂ¼,flexed biceps medium-light skin tone,bisep tertekuk warna kulit cerah sedang
ğŸ’ªğŸ½,bicep,bisep,Ã°Å¸â€™ÂªÃ°Å¸ÂÂ½,flexed biceps medium skin tone,bisep tertekuk warna kulit sedang
ğŸ’ªğŸ¾,bicep,bisep,Ã°Å¸â€™ÂªÃ°Å¸ÂÂ¾,flexed biceps medium-dark skin tone,bisep tertekuk warna kulit sedang-gelap
ğŸ’ªğŸ¿,bicep,bisep,Ã°Å¸â€™ÂªÃ°Å¸ÂÂ¿,flexed biceps dark skin tone,bisep tertekuk warna kulit gelap
ğŸš¶,walk,berjalan,Ã°Å¸Å¡Â¶,person walking,orang berjalan
ğŸš¶ğŸ»,walk,berjalan,Ã°Å¸Å¡Â¶Ã°Å¸ÂÂ»,person walking light skin tone,orang berjalan warna kulit terang
ğŸš¶ğŸ¼,walk,berjalan,Ã°Å¸Å¡Â¶Ã°Å¸ÂÂ¼,person walking medium-light skin tone,orang berjalan dengan warna kulit cerah sedang
ğŸš¶ğŸ½,walk,berjalan,Ã°Å¸Å¡Â¶Ã°Å¸ÂÂ½,person walking medium skin tone,orang berjalan dengan warna kulit sedang
ğŸš¶ğŸ¾,walk,berjalan,Ã°Å¸Å¡Â¶Ã°Å¸ÂÂ¾,person walking medium-dark skin tone,orang berjalan dengan warna kulit sedang-gelap
ğŸš¶ğŸ¿,walk,berjalan,Ã°Å¸Å¡Â¶Ã°Å¸ÂÂ¿,person walking dark skin tone,orang berjalan dengan warna kulit gelap
ğŸƒ,run,berlari,Ã°Å¸ÂÆ’,person running,orang berlari
ğŸƒğŸ»,run,berlari,Ã°Å¸ÂÆ’Ã°Å¸ÂÂ»,person running light skin tone,orang yang memiliki warna kulit terang
ğŸƒğŸ¼,run,berlari,Ã°Å¸ÂÆ’Ã°Å¸ÂÂ¼,person running medium-light skin tone,orang yang memiliki warna kulit cerah sedang
ğŸƒğŸ½,run,berlari,Ã°Å¸ÂÆ’Ã°Å¸ÂÂ½,person running medium skin tone,orang yang memiliki warna kulit sedang
ğŸƒğŸ¾,run,berlari,Ã°Å¸ÂÆ’Ã°Å¸ÂÂ¾,person running medium-dark skin tone,orang yang memiliki warna kulit sedang-gelap
ğŸƒğŸ¿,run,berlari,Ã°Å¸ÂÆ’Ã°Å¸ÂÂ¿,person running dark skin tone,orang yang berkulit gelap
ğŸ’ƒ,salsa,salsa,Ã°Å¸â€™Æ’,woman dancing,wanita menari
ğŸ’ƒğŸ»,salsa,salsa,Ã°Å¸â€™Æ’Ã°Å¸ÂÂ»,woman dancing light skin tone,wanita menari warna kulit cerah
ğŸ’ƒğŸ¼,salsa,salsa,Ã°Å¸â€™Æ’Ã°Å¸ÂÂ¼,woman dancing medium-light skin tone,wanita menari warna kulit cerah sedang
ğŸ’ƒğŸ½,salsa,salsa,Ã°Å¸â€™Æ’Ã°Å¸ÂÂ½,woman dancing medium skin tone,wanita menari warna kulit sedang
ğŸ’ƒğŸ¾,salsa,salsa,Ã°Å¸â€™Æ’Ã°Å¸ÂÂ¾,woman dancing medium-dark skin tone,wanita menari warna kulit gelap-sedang
ğŸ’ƒğŸ¿,salsa,salsa,Ã°Å¸â€™Æ’Ã°Å¸ÂÂ¿,woman dancing dark skin tone,wanita menari warna kulit gelap
ğŸ‘«,couple,pasangan,Ã°Å¸â€˜Â«,woman and man holding hands,wanita dan pria berpegangan tangan
ğŸ‘ª,family,keluarga,Ã°Å¸â€˜Âª,family,keluarga
ğŸ‘¨â€ğŸ‘©â€ğŸ‘§,family,keluarga,Ã°Å¸â€˜Â¨Ã¢â‚¬ÂÃ°Å¸â€˜Â©Ã¢â‚¬ÂÃ°Å¸â€˜Â§,family man woman girl,gadis wanita pria keluarga
ğŸ‘¨â€ğŸ‘©â€ğŸ‘§â€ğŸ‘¦,family,keluarga,Ã°Å¸â€˜Â¨Ã¢â‚¬ÂÃ°Å¸â€˜Â©Ã¢â‚¬ÂÃ°Å¸â€˜Â§Ã¢â‚¬ÂÃ°Å¸â€˜Â¦,family man woman girl boy,keluarga pria wanita gadis anak laki-laki
ğŸ‘¨â€ğŸ‘©â€ğŸ‘¦â€ğŸ‘¦,family,keluarga,Ã°Å¸â€˜Â¨Ã¢â‚¬ÂÃ°Å¸â€˜Â©Ã¢â‚¬ÂÃ°Å¸â€˜Â¦Ã¢â‚¬ÂÃ°Å¸â€˜Â¦,family man woman boy boy,keluarga pria wanita anak laki-laki anak laki-laki
ğŸ‘¨â€ğŸ‘©â€ğŸ‘§â€ğŸ‘§,family,keluarga,Ã°Å¸â€˜Â¨Ã¢â‚¬ÂÃ°Å¸â€˜Â©Ã¢â‚¬ÂÃ°Å¸â€˜Â§Ã¢â‚¬ÂÃ°Å¸â€˜Â§,family man woman girl girl,gadis keluarga pria wanita gadis
ğŸ‘©â€ğŸ‘©â€ğŸ‘¦,family,keluarga,Ã°Å¸â€˜Â©Ã¢â‚¬ÂÃ°Å¸â€˜Â©Ã¢â‚¬ÂÃ°Å¸â€˜Â¦,family woman woman boy,wanita keluarga wanita anak laki-laki
ğŸ‘©â€ğŸ‘©â€ğŸ‘§,family,keluarga,Ã°Å¸â€˜Â©Ã¢â‚¬ÂÃ°Å¸â€˜Â©Ã¢â‚¬ÂÃ°Å¸â€˜Â§,family woman woman girl,wanita keluarga wanita gadis
ğŸ‘©â€ğŸ‘©â€ğŸ‘§â€ğŸ‘¦,family,keluarga,Ã°Å¸â€˜Â©Ã¢â‚¬ÂÃ°Å¸â€˜Â©Ã¢â‚¬ÂÃ°Å¸â€˜Â§Ã¢â‚¬ÂÃ°Å¸â€˜Â¦,family woman woman girl boy,wanita keluarga wanita gadis anak laki-laki
ğŸ‘©â€ğŸ‘©â€ğŸ‘¦â€ğŸ‘¦,family,keluarga,Ã°Å¸â€˜Â©Ã¢â‚¬ÂÃ°Å¸â€˜Â©Ã¢â‚¬ÂÃ°Å¸â€˜Â¦Ã¢â‚¬ÂÃ°Å¸â€˜Â¦,family woman woman boy boy,keluarga wanita wanita anak laki-laki anak laki-laki
ğŸ‘©â€ğŸ‘©â€ğŸ‘§â€ğŸ‘§,family,keluarga,Ã°Å¸â€˜Â©Ã¢â‚¬ÂÃ°Å¸â€˜Â©Ã¢â‚¬ÂÃ°Å¸â€˜Â§Ã¢â‚¬ÂÃ°Å¸â€˜Â§,family woman woman girl girl,wanita keluarga wanita gadis gadis
ğŸ‘¨â€ğŸ‘¨â€ğŸ‘¦,family,keluarga,Ã°Å¸â€˜Â¨Ã¢â‚¬ÂÃ°Å¸â€˜Â¨Ã¢â‚¬ÂÃ°Å¸â€˜Â¦,family man man boy,laki-laki keluarga laki-laki laki-laki
ğŸ‘¨â€ğŸ‘¨â€ğŸ‘§,family,keluarga,Ã°Å¸â€˜Â¨Ã¢â‚¬ÂÃ°Å¸â€˜Â¨Ã¢â‚¬ÂÃ°Å¸â€˜Â§,family man man girl,gadis pria pria keluarga
ğŸ‘¨â€ğŸ‘¨â€ğŸ‘§â€ğŸ‘¦,family,keluarga,Ã°Å¸â€˜Â¨Ã¢â‚¬ÂÃ°Å¸â€˜Â¨Ã¢â‚¬ÂÃ°Å¸â€˜Â§Ã¢â‚¬ÂÃ°Å¸â€˜Â¦,family man man girl boy,laki-laki keluarga laki-laki perempuan laki-laki
ğŸ‘¨â€ğŸ‘¨â€ğŸ‘¦â€ğŸ‘¦,family,keluarga,Ã°Å¸â€˜Â¨Ã¢â‚¬ÂÃ°Å¸â€˜Â¨Ã¢â‚¬ÂÃ°Å¸â€˜Â¦Ã¢â‚¬ÂÃ°Å¸â€˜Â¦,family man man boy boy,laki-laki keluarga laki-laki laki-laki laki-laki
ğŸ‘¨â€ğŸ‘¨â€ğŸ‘§â€ğŸ‘§,family,keluarga,Ã°Å¸â€˜Â¨Ã¢â‚¬ÂÃ°Å¸â€˜Â¨Ã¢â‚¬ÂÃ°Å¸â€˜Â§Ã¢â‚¬ÂÃ°Å¸â€˜Â§,family man man girl girl,gadis pria pria keluarga gadis
ğŸ‘¬,men,laki-laki,Ã°Å¸â€˜Â¬,men holding hands,pria berpegangan tangan
ğŸ‘­,women,wanita,Ã°Å¸â€˜Â­,women holding hands,wanita berpegangan tangan
ğŸ’,coupleheart,pasangan hati,Ã°Å¸â€™Â,kiss,ciuman
ğŸ’‘,coupleheart,pasangan hati,Ã°Å¸â€™â€˜,couple with heart,berpasangan dengan hati
ğŸ‘¯,dancers,penari,Ã°Å¸â€˜Â¯,people with bunny ears,orang dengan telinga kelinci
ğŸ™†,O,HAI,Ã°Å¸â„¢â€ ,person gesturing OK,orang memberi isyarat OK
ğŸ™†ğŸ»,O,HAI,Ã°Å¸â„¢â€ Ã°Å¸ÂÂ»,person gesturing OK light skin tone,orang memberi isyarat oke warna kulit terang
ğŸ™†ğŸ¼,O,HAI,Ã°Å¸â„¢â€ Ã°Å¸ÂÂ¼,person gesturing OK medium-light skin tone,orang yang memberi isyarat oke warna kulit cerah sedang
ğŸ™†ğŸ½,O,HAI,Ã°Å¸â„¢â€ Ã°Å¸ÂÂ½,person gesturing OK medium skin tone,orang memberi isyarat oke warna kulit sedang
ğŸ™†ğŸ¾,O,HAI,Ã°Å¸â„¢â€ Ã°Å¸ÂÂ¾,person gesturing OK medium-dark skin tone,orang yang memberi isyarat oke warna kulit sedang-gelap
ğŸ™†ğŸ¿,O,HAI,Ã°Å¸â„¢â€ Ã°Å¸ÂÂ¿,person gesturing OK dark skin tone,orang memberi isyarat warna kulit OK gelap
ğŸ™…,X,X,Ã°Å¸â„¢â€¦,person gesturing NO,orang yang memberi isyarat TIDAK
ğŸ™…ğŸ»,X,X,Ã°Å¸â„¢â€¦Ã°Å¸ÂÂ»,person gesturing NO light skin tone,orang yang memberi isyarat TIDAK memiliki warna kulit cerah
ğŸ™…ğŸ¼,X,X,Ã°Å¸â„¢â€¦Ã°Å¸ÂÂ¼,person gesturing NO medium-light skin tone,orang yang memberi isyarat TIDAK memiliki warna kulit cerah sedang
ğŸ™…ğŸ½,X,X,Ã°Å¸â„¢â€¦Ã°Å¸ÂÂ½,person gesturing NO medium skin tone,orang yang memberi isyarat TIDAK memiliki warna kulit sedang
ğŸ™…ğŸ¾,X,X,Ã°Å¸â„¢â€¦Ã°Å¸ÂÂ¾,person gesturing NO medium-dark skin tone,orang yang memberi isyarat TIDAK memiliki warna kulit sedang-gelap
ğŸ™…ğŸ¿,X,X,Ã°Å¸â„¢â€¦Ã°Å¸ÂÂ¿,person gesturing NO dark skin tone,orang yang memberi isyarat TIDAK memiliki warna kulit gelap
ğŸ’,Chrissy,Chrissy,Ã°Å¸â€™Â,person tipping hand,orang menengadahkan tangan
ğŸ’ğŸ»,Chrissy,Chrissy,Ã°Å¸â€™ÂÃ°Å¸ÂÂ»,person tipping hand light skin tone,orang memberi tip warna kulit cerah
ğŸ’ğŸ¼,Chrissy,Chrissy,Ã°Å¸â€™ÂÃ°Å¸ÂÂ¼,person tipping hand medium-light skin tone,orang menengadahkan tangan warna kulit cerah-sedang
ğŸ’ğŸ½,Chrissy,Chrissy,Ã°Å¸â€™ÂÃ°Å¸ÂÂ½,person tipping hand medium skin tone,orang memberi tip pada tangan warna kulit sedang
ğŸ’ğŸ¾,Chrissy,Chrissy,Ã°Å¸â€™ÂÃ°Å¸ÂÂ¾,person tipping hand medium-dark skin tone,orang menengadahkan tangan warna kulit sedang gelap
ğŸ’ğŸ¿,Chrissy,Chrissy,Ã°Å¸â€™ÂÃ°Å¸ÂÂ¿,person tipping hand dark skin tone,orang memberi tip pada warna kulit gelap
ğŸ™‹,handraise,mengangkat tangan,Ã°Å¸â„¢â€¹,person raising hand,orang mengangkat tangan
ğŸ™‹ğŸ»,handraise,mengangkat tangan,Ã°Å¸â„¢â€¹Ã°Å¸ÂÂ»,person raising hand light skin tone,orang mengangkat tangan warna kulit cerah
ğŸ™‹ğŸ¼,handraise,mengangkat tangan,Ã°Å¸â„¢â€¹Ã°Å¸ÂÂ¼,person raising hand medium-light skin tone,orang mengangkat tangan warna kulit cerah-sedang
ğŸ™‹ğŸ½,handraise,mengangkat tangan,Ã°Å¸â„¢â€¹Ã°Å¸ÂÂ½,person raising hand medium skin tone,orang mengangkat tangan warna kulit sedang
ğŸ™‹ğŸ¾,handraise,mengangkat tangan,Ã°Å¸â„¢â€¹Ã°Å¸ÂÂ¾,person raising hand medium-dark skin tone,orang mengangkat tangan warna kulit gelap-sedang
ğŸ™‹ğŸ¿,handraise,mengangkat tangan,Ã°Å¸â„¢â€¹Ã°Å¸ÂÂ¿,person raising hand dark skin tone,orang mengangkat tangan warna kulit gelap
ğŸ’†,washhair,keramas,Ã°Å¸â€™â€ ,person getting massage,orang yang dipijat
ğŸ’†ğŸ»,washhair,keramas,Ã°Å¸â€™â€ Ã°Å¸ÂÂ»,person getting massage light skin tone,orang dipijat dengan warna kulit cerah
ğŸ’†ğŸ¼,washhair,keramas,Ã°Å¸â€™â€ Ã°Å¸ÂÂ¼,person getting massage medium-light skin tone,orang yang dipijat warna kulit cerah sedang
ğŸ’†ğŸ½,washhair,keramas,Ã°Å¸â€™â€ Ã°Å¸ÂÂ½,person getting massage medium skin tone,orang dipijat dengan warna kulit sedang
ğŸ’†ğŸ¾,washhair,keramas,Ã°Å¸â€™â€ Ã°Å¸ÂÂ¾,person getting massage medium-dark skin tone,orang yang dipijat warna kulitnya sedang-gelap
ğŸ’†ğŸ¿,washhair,keramas,Ã°Å¸â€™â€ Ã°Å¸ÂÂ¿,person getting massage dark skin tone,orang dipijat dengan warna kulit gelap
ğŸ’‡,cuthair,potong rambut,Ã°Å¸â€™â€¡,person getting haircut,orang sedang potong rambut
ğŸ’‡ğŸ»,cuthair,potong rambut,Ã°Å¸â€™â€¡Ã°Å¸ÂÂ»,person getting haircut light skin tone,orang yang potong rambut warna kulit terang
ğŸ’‡ğŸ¼,cuthair,potong rambut,Ã°Å¸â€™â€¡Ã°Å¸ÂÂ¼,person getting haircut medium-light skin tone,orang yang potong rambut warna kulit cerah sedang
ğŸ’‡ğŸ½,cuthair,potong rambut,Ã°Å¸â€™â€¡Ã°Å¸ÂÂ½,person getting haircut medium skin tone,orang yang potong rambut warna kulit sedang
ğŸ’‡ğŸ¾,cuthair,potong rambut,Ã°Å¸â€™â€¡Ã°Å¸ÂÂ¾,person getting haircut medium-dark skin tone,orang yang potong rambut warna kulit sedang gelap
ğŸ’‡ğŸ¿,cuthair,potong rambut,Ã°Å¸â€™â€¡Ã°Å¸ÂÂ¿,person getting haircut dark skin tone,orang yang potong rambut warna kulit gelap
ğŸ’…,nails,kuku,Ã°Å¸â€™â€¦,nail polish,cat kuku
ğŸ’…ğŸ»,nails,kuku,Ã°Å¸â€™â€¦Ã°Å¸ÂÂ»,nail polish light skin tone,cat kuku warna kulit terang
ğŸ’…ğŸ¼,nails,kuku,Ã°Å¸â€™â€¦Ã°Å¸ÂÂ¼,nail polish medium-light skin tone,cat kuku warna kulit cerah sedang
ğŸ’…ğŸ½,nails,kuku,Ã°Å¸â€™â€¦Ã°Å¸ÂÂ½,nail polish medium skin tone,cat kuku warna kulit sedang
ğŸ’…ğŸ¾,nails,kuku,Ã°Å¸â€™â€¦Ã°Å¸ÂÂ¾,nail polish medium-dark skin tone,cat kuku warna kulit sedang-gelap
ğŸ’…ğŸ¿,nails,kuku,Ã°Å¸â€™â€¦Ã°Å¸ÂÂ¿,nail polish dark skin tone,cat kuku warna kulit gelap
ğŸ‘°,bride,pengantin perempuan,Ã°Å¸â€˜Â°,person with veil,orang bercadar
ğŸ‘°ğŸ»,bride,pengantin perempuan,Ã°Å¸â€˜Â°Ã°Å¸ÂÂ»,person with veil light skin tone,orang berjilbab warna kulit cerah
ğŸ‘°ğŸ¼,bride,pengantin perempuan,Ã°Å¸â€˜Â°Ã°Å¸ÂÂ¼,person with veil medium-light skin tone,orang berjilbab warna kulit cerah sedang
ğŸ‘°ğŸ½,bride,pengantin perempuan,Ã°Å¸â€˜Â°Ã°Å¸ÂÂ½,person with veil medium skin tone,orang berjilbab warna kulit sedang
ğŸ‘°ğŸ¾,bride,pengantin perempuan,Ã°Å¸â€˜Â°Ã°Å¸ÂÂ¾,person with veil medium-dark skin tone,orang berjilbab warna kulit gelap-sedang
ğŸ‘°ğŸ¿,bride,pengantin perempuan,Ã°Å¸â€˜Â°Ã°Å¸ÂÂ¿,person with veil dark skin tone,orang berjilbab warna kulit gelap
ğŸ™,whistle,peluit,Ã°Å¸â„¢Å½,person pouting,orang cemberut
ğŸ™ğŸ»,whistle,peluit,Ã°Å¸â„¢Å½Ã°Å¸ÂÂ»,person pouting light skin tone,orang cemberut warna kulit terang
ğŸ™ğŸ¼,whistle,peluit,Ã°Å¸â„¢Å½Ã°Å¸ÂÂ¼,person pouting medium-light skin tone,orang yang cemberut warna kulitnya cerah-sedang
ğŸ™ğŸ½,whistle,peluit,Ã°Å¸â„¢Å½Ã°Å¸ÂÂ½,person pouting medium skin tone,orang cemberut warna kulit sedang
ğŸ™ğŸ¾,whistle,peluit,Ã°Å¸â„¢Å½Ã°Å¸ÂÂ¾,person pouting medium-dark skin tone,orang yang cemberut warna kulitnya gelap-sedang
ğŸ™ğŸ¿,whistle,peluit,Ã°Å¸â„¢Å½Ã°Å¸ÂÂ¿,person pouting dark skin tone,orang cemberut warna kulit gelap
ğŸ™,sad,sedih,Ã°Å¸â„¢Â,person frowning,orang mengerutkan kening
ğŸ™ğŸ»,sad,sedih,Ã°Å¸â„¢ÂÃ°Å¸ÂÂ»,person frowning light skin tone,"orang mengerutkan kening, warna kulit cerah"
ğŸ™ğŸ¼,sad,sedih,Ã°Å¸â„¢ÂÃ°Å¸ÂÂ¼,person frowning medium-light skin tone,orang mengerutkan kening warna kulit cerah-sedang
ğŸ™ğŸ½,sad,sedih,Ã°Å¸â„¢ÂÃ°Å¸ÂÂ½,person frowning medium skin tone,orang mengerutkan kening warna kulit sedang
ğŸ™ğŸ¾,sad,sedih,Ã°Å¸â„¢ÂÃ°Å¸ÂÂ¾,person frowning medium-dark skin tone,orang mengerutkan kening warna kulit gelap-sedang
ğŸ™ğŸ¿,sad,sedih,Ã°Å¸â„¢ÂÃ°Å¸ÂÂ¿,person frowning dark skin tone,orang mengerutkan kening warna kulit gelap
ğŸ™‡,headdown,Menunduk,Ã°Å¸â„¢â€¡,person bowing,orang membungkuk
ğŸ™‡ğŸ»,headdown,Menunduk,Ã°Å¸â„¢â€¡Ã°Å¸ÂÂ»,person bowing light skin tone,orang membungkuk warna kulit terang
ğŸ™‡ğŸ¼,headdown,Menunduk,Ã°Å¸â„¢â€¡Ã°Å¸ÂÂ¼,person bowing medium-light skin tone,orang membungkuk warna kulit cerah sedang
ğŸ™‡ğŸ½,headdown,Menunduk,Ã°Å¸â„¢â€¡Ã°Å¸ÂÂ½,person bowing medium skin tone,orang membungkuk warna kulit sedang
ğŸ™‡ğŸ¾,headdown,Menunduk,Ã°Å¸â„¢â€¡Ã°Å¸ÂÂ¾,person bowing medium-dark skin tone,orang yang membungkuk warna kulitnya gelap-sedang
ğŸ™‡ğŸ¿,headdown,Menunduk,Ã°Å¸â„¢â€¡Ã°Å¸ÂÂ¿,person bowing dark skin tone,orang membungkuk warna kulit gelap
ğŸ©,tophat,pucuk topi,Ã°Å¸Å½Â©,top hat,pucuk topi
ğŸ‘‘,crown,mahkota,Ã°Å¸â€˜â€˜,crown,mahkota
ğŸ‘’,derbyhat,derbyhat,Ã°Å¸â€˜â€™,womanâ€™s hat,topi wanita
ğŸ‘Ÿ,whiteshoe,sepatu putih,Ã°Å¸â€˜Å¸,running shoe,sepatu lari
ğŸ‘,brownshoe,sepatu coklat,Ã°Å¸â€˜Å¾,manâ€™s shoe,sepatu pria
ğŸ‘¡,slipon,tergelincir,Ã°Å¸â€˜Â¡,womanâ€™s sandal,sandal wanita
ğŸ‘ ,heel,tumit,Ã°Å¸â€˜,high-heeled shoe,sepatu hak tinggi
ğŸ‘¢,boot,boot,Ã°Å¸â€˜Â¢,womanâ€™s boot,sepatu bot wanita
ğŸ‘•,polo,polo,Ã°Å¸â€˜â€¢,t-shirt,kaos
ğŸ‘”,shirttie,dasi kemeja,Ã°Å¸â€˜â€,necktie,dasi
ğŸ‘š,blouse,blus,Ã°Å¸â€˜Å¡,womanâ€™s clothes,pakaian wanita
ğŸ‘—,dress,gaun,Ã°Å¸â€˜â€”,dress,gaun
ğŸ½,workout,olahraga,Ã°Å¸Å½Â½,running shirt,kemeja lari
ğŸ‘–,jeans,jeans,Ã°Å¸â€˜â€“,jeans,jeans
ğŸ‘˜,asian,Asia,Ã°Å¸â€˜Ëœ,kimono,kimono
ğŸ‘™,bikini,bikini,Ã°Å¸â€˜â„¢,bikini,bikini
ğŸ’¼,brief,singkat,Ã°Å¸â€™Â¼,briefcase,tas kantor
ğŸ‘œ,bag,tas,Ã°Å¸â€˜Å“,handbag,tas tangan
ğŸ‘,bag,tas,Ã°Å¸â€˜Â,clutch bag,dompet tangan
ğŸ‘›,bag,tas,Ã°Å¸â€˜â€º,purse,tas kecil
ğŸ‘“,glasses,kacamata,Ã°Å¸â€˜â€œ,glasses,kacamata
ğŸ€,bow,busur,Ã°Å¸Å½â‚¬,ribbon,pita
ğŸŒ‚,umbrella,payung,Ã°Å¸Å’â€š,closed umbrella,payung tertutup
ğŸ’„,lipstick,lipstik,Ã°Å¸â€™â€,lipstick,lipstik
ğŸ’›,yellowheart,hati kuning,Ã°Å¸â€™â€º,yellow heart,hati kuning
ğŸ’™,blueheart,hati biru,Ã°Å¸â€™â„¢,blue heart,hati biru
ğŸ’œ,purpleheart,hati ungu,Ã°Å¸â€™Å“,purple heart,hati ungu
ğŸ’š,greenheart,hati hijau,Ã°Å¸â€™Å¡,green heart,hati hijau
â¤ï¸,redheart,hati merah,Ã¢ÂÂ¤Ã¯Â¸Â,red heart,hati merah
ğŸ’”,brokenheart,patah hati,Ã°Å¸â€™â€,broken heart,patah hati
ğŸ’—,growingheart,tumbuh hati,Ã°Å¸â€™â€”,growing heart,hati yang semakin membesar
ğŸ’“,ringingheart,dering jantung,Ã°Å¸â€™â€œ,beating heart,jantung berdebar
ğŸ’•,twohearts,dua hati,Ã°Å¸â€™â€¢,two hearts,dua hati
ğŸ’–,sparkleheart,berkilau hati,Ã°Å¸â€™â€“,sparkling heart,hati yang berkilau
ğŸ’,revolvingheart,hati berputar,Ã°Å¸â€™Å¾,revolving hearts,hati yang berputar
ğŸ’˜,cupidheart,dewa asmara,Ã°Å¸â€™Ëœ,heart with arrow,hati dengan panah
ğŸ’Œ,letterheart,surat hati,Ã°Å¸â€™Å’,love letter,surat cinta
ğŸ’‹,lips,bibir,Ã°Å¸â€™â€¹,kiss mark,tanda cium
ğŸ’,ring,cincin,Ã°Å¸â€™Â,ring,cincin
ğŸ’,diamond,berlian,Ã°Å¸â€™Å½,gem stone,batu permata
ğŸ‘¤,user,pengguna,Ã°Å¸â€˜Â¤,bust in silhouette,payudara dalam siluet
ğŸ‘¥,user,pengguna,Ã°Å¸â€˜Â¥,busts in silhouette,patung dalam siluet
ğŸ’¬,message,pesan,Ã°Å¸â€™Â¬,speech balloon,balon ucapan
ğŸ‘£,footprint,tapak,Ã°Å¸â€˜Â£,footprints,jejak kaki
ğŸ’­,thought,pikiran,Ã°Å¸â€™Â­,thought balloon,balon pikiran
ğŸ¶,dog,anjing,Ã°Å¸ÂÂ¶,dog face,muka anjing
ğŸº,fox,rubah,Ã°Å¸ÂÂº,wolf,serigala
ğŸ±,cat,kucing,Ã°Å¸ÂÂ±,cat face,wajah kucing
ğŸ­,mouse,mouse,Ã°Å¸ÂÂ­,mouse face,wajah tikus
ğŸ¹,mouse,mouse,Ã°Å¸ÂÂ¹,hamster,hamster
ğŸ°,rabbit,kelinci,Ã°Å¸ÂÂ°,rabbit face,wajah kelinci
ğŸ¸,frog,katak,Ã°Å¸ÂÂ¸,frog,katak
ğŸ¯,tiger,harimau,Ã°Å¸ÂÂ¯,tiger face,wajah harimau
ğŸ¨,koala,koala,Ã°Å¸ÂÂ¨,koala,koala
ğŸ»,bear,beruang,Ã°Å¸ÂÂ»,bear,beruang
ğŸ·,pig,babi,Ã°Å¸ÂÂ·,pig face,muka babi
ğŸ½,pig,babi,Ã°Å¸ÂÂ½,pig nose,hidung babi
ğŸ®,cow,sapi,Ã°Å¸ÂÂ®,cow face,wajah sapi
ğŸ—,warthog,babi hutan,Ã°Å¸Ââ€”,boar,babi hutan
ğŸµ,monkey,monyet,Ã°Å¸ÂÂµ,monkey face,wajah monyet
ğŸ’,monkey,monyet,Ã°Å¸Ââ€™,monkey,monyet
ğŸ´,horse,kuda,Ã°Å¸ÂÂ´,horse face,wajah kuda
ğŸ‘,sheep,domba,Ã°Å¸Ââ€˜,ewe,biri-biri betina
ğŸ˜,elephant,gajah,Ã°Å¸ÂËœ,elephant,gajah
ğŸ¼,panda,panda,Ã°Å¸ÂÂ¼,panda,panda
ğŸ§,penguin,pinguin,Ã°Å¸ÂÂ§,penguin,pinguin
ğŸ¦,penguin,pinguin,Ã°Å¸ÂÂ¦,bird,burung
ğŸ¤,chick,anak ayam,Ã°Å¸ÂÂ¤,baby chick,anak ayam
ğŸ¥,chick,anak ayam,Ã°Å¸ÂÂ¥,front-facing baby chick,bayi ayam yang menghadap ke depan
ğŸ¥,chick,anak ayam,Ã°Å¸ÂÂ£,front-facing baby chick,bayi ayam yang menghadap ke depan
ğŸ¥,chick,anak ayam,Ã°Å¸Ââ€,front-facing baby chick,bayi ayam yang menghadap ke depan
ğŸ£,chick,anak ayam,Ã°Å¸ÂÂ¥,hatching chick,menetaskan anak ayam
ğŸ£,chick,anak ayam,Ã°Å¸ÂÂ£,hatching chick,menetaskan anak ayam
ğŸ£,chick,anak ayam,Ã°Å¸Ââ€,hatching chick,menetaskan anak ayam
ğŸ”,chick,anak ayam,Ã°Å¸ÂÂ¥,chicken,ayam
ğŸ”,chick,anak ayam,Ã°Å¸ÂÂ£,chicken,ayam
ğŸ”,chick,anak ayam,Ã°Å¸Ââ€,chicken,ayam
ğŸ,snake,ular,Ã°Å¸ÂÂ,snake,ular
ğŸ¢,turtle,penyu,Ã°Å¸ÂÂ¢,turtle,penyu
ğŸ›,caterpillar,ulat,Ã°Å¸Ââ€º,bug,serangga
ğŸ,bee,lebah,Ã°Å¸ÂÂ,honeybee,lebah madu
ğŸœ,ant,semut,Ã°Å¸ÂÅ“,ant,semut
ğŸ,ladybug,kepik,Ã°Å¸ÂÅ¾,lady beetle,wanita kumbang
ğŸŒ,snail,siput,Ã°Å¸ÂÅ’,snail,siput
ğŸ™,octopus,gurita,Ã°Å¸Ââ„¢,octopus,gurita
ğŸš,shell,kerang,Ã°Å¸ÂÅ¡,spiral shell,cangkang spiral
ğŸ ,fish,ikan,Ã°Å¸Â,tropical fish,ikan tropis
ğŸŸ,fish,ikan,Ã°Å¸ÂÅ¸,fish,ikan
ğŸ¬,dolphin,lumba-lumba,Ã°Å¸ÂÂ¬,dolphin,lumba-lumba
ğŸ³,whale,paus,Ã°Å¸ÂÂ³,spouting whale,paus yang menyemburkan
ğŸ‹,whale,paus,Ã°Å¸Ââ€¹,whale,paus
ğŸ„,cow,sapi,Ã°Å¸Ââ€,cow,sapi
ğŸ,sheep,domba,Ã°Å¸ÂÂ,ram,ram
ğŸ€,mouse,mouse,Ã°Å¸Ââ‚¬,rat,tikus
ğŸƒ,ox,sapi,Ã°Å¸ÂÆ’,water buffalo,kerbau air
ğŸ…,tiger,harimau,Ã°Å¸Ââ€¦,tiger,harimau
ğŸ‡,rabbit,kelinci,Ã°Å¸Ââ€¡,rabbit,kelinci
ğŸ‰,dragon,naga,Ã°Å¸Ââ€°,dragon,naga
ğŸ,horse,kuda,Ã°Å¸ÂÅ½,horse,kuda
ğŸ,goat,kambing,Ã°Å¸ÂÂ,goat,kambing
ğŸ“,chicken,ayam,Ã°Å¸Ââ€œ,rooster,ayam jantan
ğŸ•,dog,anjing,Ã°Å¸Ââ€¢,dog,anjing
ğŸ–,pig,babi,Ã°Å¸Ââ€“,pig,babi
ğŸ,mouse,mouse,Ã°Å¸ÂÂ,mouse,mouse
ğŸ‚,bull,banteng,Ã°Å¸Ââ€š,ox,sapi
ğŸ²,dragon,naga,Ã°Å¸ÂÂ²,dragon face,wajah naga
ğŸ¡,puffer,burung buntal,Ã°Å¸ÂÂ¡,blowfish,ikan buntal
ğŸŠ,alligator,buaya,Ã°Å¸ÂÅ ,crocodile,buaya
ğŸ«,camel,unta,Ã°Å¸ÂÂ«,two-hump camel,unta berpunuk dua
ğŸª,camel,unta,Ã°Å¸ÂÂª,camel,unta
ğŸ†,leopard,macan tutul,Ã°Å¸Ââ€ ,leopard,macan tutul
ğŸˆ,cat,kucing,Ã°Å¸ÂË†,cat,kucing
ğŸ©,poodle,pudel,Ã°Å¸ÂÂ©,poodle,pudel
ğŸ¾,paw,mengais,Ã°Å¸ÂÂ¾,paw prints,cetakan kaki
ğŸ’,flower,bunga,Ã°Å¸â€™Â,bouquet,buket
ğŸŒ¸,flower,bunga,Ã°Å¸Å’Â¸,cherry blossom,bunga sakura
ğŸŒ·,flower,bunga,Ã°Å¸Å’Â·,tulip,bunga tulp
ğŸ€,shamrock,shamrock,Ã°Å¸Ââ‚¬,four leaf clover,semanggi berdaun empat
ğŸŒ¹,flower,bunga,Ã°Å¸Å’Â¹,rose,mawar
ğŸŒ»,flower,bunga,Ã°Å¸Å’Â»,sunflower,bunga matahari
ğŸŒº,flower,bunga,Ã°Å¸Å’Âº,hibiscus,kembang sepatu
ğŸ,leaf,daun,Ã°Å¸ÂÂ,maple leaf,daun maple
ğŸƒ,leaf,daun,Ã°Å¸ÂÆ’,leaf fluttering in wind,daun berkibar tertiup angin
ğŸ‚,leaf,daun,Ã°Å¸Ââ€š,fallen leaf,daun jatuh
ğŸŒ¿,leaf,daun,Ã°Å¸Å’Â¿,herb,herba
ğŸŒ¾,leaf,daun,Ã°Å¸Å’Â¾,sheaf of rice,setumpuk nasi
ğŸ„,mushroom,jamur,Ã°Å¸Ââ€,mushroom,jamur
ğŸŒµ,cactus,kaktus,Ã°Å¸Å’Âµ,cactus,kaktus
ğŸŒ´,palm,telapak,Ã°Å¸Å’Â´,palm tree,pohon palem
ğŸŒ²,evergreen,hijau abadi,Ã°Å¸Å’Â²,evergreen tree,pohon cemara
ğŸŒ³,tree,pohon,Ã°Å¸Å’Â³,deciduous tree,pohon gugur
ğŸŒ°,acorn,biji pohon ek,Ã°Å¸Å’Â°,chestnut,kastanye
ğŸŒ±,sprout,tumbuh,Ã°Å¸Å’Â±,seedling,bibit
ğŸŒ¼,flower,bunga,Ã°Å¸Å’Â¼,blossom,mekar
ğŸŒ,globe,bola dunia,Ã°Å¸Å’Â,globe with meridians,globe dengan meridian
ğŸŒ,sun,matahari,Ã°Å¸Å’Å¾,sun with face,matahari dengan wajah
ğŸŒ,moonface,wajah bulan,Ã°Å¸Å’Â,full moon face,wajah bulan purnama
ğŸŒš,newface,wajah baru,Ã°Å¸Å’Å¡,new moon face,wajah bulan baru
ğŸŒ‘,moon,bulan,Ã°Å¸Å’â€˜,new moon,bulan baru
ğŸŒ’,moon,bulan,Ã°Å¸Å’â€™,waxing crescent moon,bulan sabit yang semakin membesar
ğŸŒ“,moon,bulan,Ã°Å¸Å’â€œ,first quarter moon,bulan kuartal pertama
ğŸŒ”,moon,bulan,Ã°Å¸Å’â€,waxing gibbous moon,bulan yang semakin bungkuk
ğŸŒ•,moon,bulan,Ã°Å¸Å’â€¢,full moon,bulan purnama
ğŸŒ–,moon,bulan,Ã°Å¸Å’â€“,waning gibbous moon,memudarnya bulan bungkuk
ğŸŒ—,moon,bulan,Ã°Å¸Å’â€”,last quarter moon,bulan seperempat terakhir
ğŸŒ˜,moon,bulan,Ã°Å¸Å’Ëœ,waning crescent moon,memudarnya bulan sabit
ğŸŒœ,moon,bulan,Ã°Å¸Å’Å“,last quarter moon face,wajah bulan seperempat terakhir
ğŸŒ›,moon,bulan,Ã°Å¸Å’â€º,first quarter moon face,wajah bulan kuartal pertama
ğŸŒ™,moon,bulan,Ã°Å¸Å’â„¢,crescent moon,bulan Sabit
ğŸŒ,globe,bola dunia,Ã°Å¸Å’Â,globe showing Europe-Africa,globe menunjukkan Eropa-Afrika
ğŸŒ,globe,bola dunia,Ã°Å¸Å’Å½,globe showing Americas,globe yang menunjukkan benua Amerika
ğŸŒ,globe,bola dunia,Ã°Å¸Å’Â,globe showing Asia-Australia,globe menunjukkan Asia-Australia
ğŸŒ‹,volcano,gunung berapi,Ã°Å¸Å’â€¹,volcano,gunung berapi
ğŸŒŒ,stars,bintang,Ã°Å¸Å’Å’,milky way,Bima Sakti
ğŸŒ ,stars,bintang,Ã°Å¸Å’,shooting star,bintang jatuh
â­ï¸,stars,bintang,Ã¢Â­ÂÃ¯Â¸Â,star,bintang
â˜€ï¸,weather,cuaca,Ã¢Ëœâ‚¬Ã¯Â¸Â,sun,matahari
â›…ï¸,weather,cuaca,Ã¢â€ºâ€¦Ã¯Â¸Â,sun behind cloud,matahari di balik awan
â˜ï¸,weather,cuaca,Ã¢ËœÂÃ¯Â¸Â,cloud,awan
âš¡ï¸,weather,cuaca,Ã¢Å¡Â¡Ã¯Â¸Â,high voltage,tegangan tinggi
â˜”ï¸,weather,cuaca,Ã¢Ëœâ€Ã¯Â¸Â,umbrella with rain drops,payung dengan tetesan hujan
â„ï¸,weather,cuaca,Ã¢Ââ€Ã¯Â¸Â,snowflake,kepingan salju
â›„ï¸,weather,cuaca,Ã¢â€ºâ€Ã¯Â¸Â,snowman without snow,manusia salju tanpa salju
ğŸŒ€,spiral,spiral,Ã°Å¸Å’â‚¬,cyclone,topan
ğŸŒ,mountain,gunung,Ã°Å¸Å’Â,foggy,berkabut
ğŸŒˆ,rainbow,Pelangi,Ã°Å¸Å’Ë†,rainbow,Pelangi
ğŸŒŠ,wave,melambai,Ã°Å¸Å’Å ,water wave,gelombang air
ğŸ,pine,pinus,Ã°Å¸Å½Â,pine decoration,dekorasi pinus
ğŸ’,heartbox,kotak hati,Ã°Å¸â€™Â,heart with ribbon,hati dengan pita
ğŸ,asian,Asia,Ã°Å¸Å½Å½,Japanese dolls,boneka Jepang
ğŸ’,backpack,ransel,Ã°Å¸Å½â€™,backpack,ransel
ğŸ“,graduation,kelulusan,Ã°Å¸Å½â€œ,graduation cap,topi kelulusan
ğŸ,windsock,kaus kaki angin,Ã°Å¸Å½Â,carp streamer,pita ikan mas
ğŸ†,firework,kembang api,Ã°Å¸Å½â€ ,fireworks,kembang api
ğŸ‡,firework,kembang api,Ã°Å¸Å½â€¡,sparkler,kembang api
ğŸ,latern,nanti,Ã°Å¸Å½Â,wind chime,suara angin
ğŸ‘,wind,angin,Ã°Å¸Å½â€˜,moon viewing ceremony,upacara melihat bulan
ğŸƒ,pumpkin,labu,Ã°Å¸Å½Æ’,jack-o-lantern,jack-o-lantern
ğŸ‘»,ghost,hantu,Ã°Å¸â€˜Â»,ghost,hantu
ğŸ…,santa,santa,Ã°Å¸Å½â€¦,Santa Claus,Sinterklas
ğŸ…ğŸ»,santa,santa,Ã°Å¸Å½â€¦Ã°Å¸ÂÂ»,Santa Claus light skin tone,Sinterklas warna kulit cerah
ğŸ…ğŸ¼,santa,santa,Ã°Å¸Å½â€¦Ã°Å¸ÂÂ¼,Santa Claus medium-light skin tone,Sinterklas warna kulit cerah sedang
ğŸ…ğŸ½,santa,santa,Ã°Å¸Å½â€¦Ã°Å¸ÂÂ½,Santa Claus medium skin tone,Sinterklas warna kulit sedang
ğŸ…ğŸ¾,santa,santa,Ã°Å¸Å½â€¦Ã°Å¸ÂÂ¾,Santa Claus medium-dark skin tone,Sinterklas warna kulitnya gelap-sedang
ğŸ…ğŸ¿,santa,santa,Ã°Å¸Å½â€¦Ã°Å¸ÂÂ¿,Santa Claus dark skin tone,Sinterklas warna kulitnya gelap
ğŸ„,xmastree,pohon Natal,Ã°Å¸Å½â€,Christmas tree,pohon Natal
ğŸ,gift,hadiah,Ã°Å¸Å½Â,wrapped gift,hadiah yang dibungkus
ğŸ‹,bamboo,bambu,Ã°Å¸Å½â€¹,tanabata tree,pohon tanabata
ğŸ‰,party,berpesta,Ã°Å¸Å½â€°,party popper,popper pesta
ğŸŠ,party,berpesta,Ã°Å¸Å½Å ,confetti ball,bola konfeti
ğŸˆ,balloon,balon,Ã°Å¸Å½Ë†,balloon,balon
ğŸŒ,flags,bendera,Ã°Å¸Å½Å’,crossed flags,bendera bersilangan
ğŸ”®,crystalball,bola kristal,Ã°Å¸â€Â®,crystal ball,bola kristal
ğŸ¥,camera,kamera,Ã°Å¸Å½Â¥,movie camera,Kamera film
ğŸ“·,camera,kamera,Ã°Å¸â€œÂ·,camera,kamera
ğŸ“¹,camera,kamera,Ã°Å¸â€œÂ¹,video camera,kamera video
ğŸ“¼,tape,tape,Ã°Å¸â€œÂ¼,videocassette,kaset video
ğŸ’¿,cd,CD,Ã°Å¸â€™Â¿,optical disk,cakram optik
ğŸ“€,cd,CD,Ã°Å¸â€œâ‚¬,dvd,DVD
ğŸ’½,cd,CD,Ã°Å¸â€™Â½,computer disk,disk komputer
ğŸ’¾,disk,disk,Ã°Å¸â€™Â¾,floppy disk,disket
ğŸ’»,computer,komputer,Ã°Å¸â€™Â»,laptop,laptop
ğŸ“±,iphone,iPhone,Ã°Å¸â€œÂ±,mobile phone,telepon genggam
â˜ï¸,phone,telepon,Ã¢ËœÅ½Ã¯Â¸Â,telephone,telepon
ğŸ“,phone,telepon,Ã°Å¸â€œÅ¾,telephone receiver,penerima telepon
ğŸ“Ÿ,pager,pager,Ã°Å¸â€œÅ¸,pager,pager
ğŸ“ ,fax,fax,Ã°Å¸â€œ,fax machine,mesin fax
ğŸ“¡,microwave,gelombang mikro,Ã°Å¸â€œÂ¡,satellite antenna,antena satelit
ğŸ“º,tv,televisi,Ã°Å¸â€œÂº,television,televisi
ğŸ“»,radio,radio,Ã°Å¸â€œÂ»,radio,radio
ğŸ”Š,speaker,pembicara,Ã°Å¸â€Å ,speaker high volume,pengeras suara volume tinggi
ğŸ”‰,speaker,pembicara,Ã°Å¸â€â€°,speaker medium volume,pengeras suara volume sedang
ğŸ”ˆ,speaker,pembicara,Ã°Å¸â€Ë†,speaker low volume,pengeras suara volume rendah
ğŸ”‡,speaker,pembicara,Ã°Å¸â€â€¡,muted speaker,pembicara yang diredam
ğŸ””,bell,lonceng,Ã°Å¸â€â€,bell,lonceng
ğŸ”•,bell,lonceng,Ã°Å¸â€â€¢,bell with slash,bel dengan garis miring
ğŸ“¢,speaker,pembicara,Ã°Å¸â€œÂ¢,loudspeaker,pengeras suara
ğŸ“£,speaker,pembicara,Ã°Å¸â€œÂ£,megaphone,megafon
â³,hourglass,jam pasir,Ã¢ÂÂ³,hourglass not done,jam pasir belum selesai
âŒ›ï¸,hourglass,jam pasir,Ã¢Å’â€ºÃ¯Â¸Â,hourglass done,jam pasir selesai
â°,clock,jam,Ã¢ÂÂ°,alarm clock,jam alarm
âŒšï¸,clock,jam,Ã¢Å’Å¡Ã¯Â¸Â,watch,jam tangan
ğŸ”“,lock,kunci,Ã°Å¸â€â€œ,unlocked,tidak terkunci
ğŸ”’,lock,kunci,Ã°Å¸â€â€™,locked,terkunci
ğŸ”,lock,kunci,Ã°Å¸â€Â,locked with pen,dikunci dengan pena
ğŸ”,lock,kunci,Ã°Å¸â€Â,locked with key,dikunci dengan kunci
ğŸ”‘,lock,kunci,Ã°Å¸â€â€˜,key,kunci
ğŸ”,magnify,memperbesar,Ã°Å¸â€Å½,magnifying glass tilted right,kaca pembesar miring ke kanan
ğŸ’¡,bulb,bohlam,Ã°Å¸â€™Â¡,light bulb,bolam
ğŸ”¦,flashlight,senter,Ã°Å¸â€Â¦,flashlight,senter
ğŸ”†,bright,terang,Ã°Å¸â€â€ ,bright button,tombol terang
ğŸ”…,bright,terang,Ã°Å¸â€â€¦,dim button,tombol redup
ğŸ”Œ,plug,steker,Ã°Å¸â€Å’,electric plug,colokan listrik
ğŸ”‹,battery,baterai,Ã°Å¸â€â€¹,battery,baterai
ğŸ”,magnify,memperbesar,Ã°Å¸â€Â,magnifying glass tilted left,kaca pembesar miring ke kiri
ğŸ›,tub,bak mandi,Ã°Å¸â€ºÂ,bathtub,bak mandi
ğŸ›€,tub,bak mandi,Ã°Å¸â€ºâ‚¬,person taking bath,orang sedang mandi
ğŸš¿,shower,mandi,Ã°Å¸Å¡Â¿,shower,mandi
ğŸš½,toilet,toilet,Ã°Å¸Å¡Â½,toilet,toilet
ğŸ”§,wrench,kunci,Ã°Å¸â€Â§,wrench,kunci
ğŸ”©,bolt,baut,Ã°Å¸â€Â©,nut and bolt,mur baut
ğŸ”¨,hammer,Palu,Ã°Å¸â€Â¨,hammer,Palu
ğŸšª,door,pintu,Ã°Å¸Å¡Âª,door,pintu
ğŸš¬,cigarette,rokok,Ã°Å¸Å¡Â¬,cigarette,rokok
ğŸ’£,bomb,bom,Ã°Å¸â€™Â£,bomb,bom
ğŸ”«,gun,senjata,Ã°Å¸â€Â«,water pistol,pistol air
ğŸ”ª,knife,pisau,Ã°Å¸â€Âª,kitchen knife,pisau dapur
ğŸ’Š,pill,pil,Ã°Å¸â€™Å ,pill,pil
ğŸ’‰,needle,jarum,Ã°Å¸â€™â€°,syringe,jarum suntik
ğŸ’°,money,uang,Ã°Å¸â€™Â°,money bag,tas uang
ğŸ’´,money,uang,Ã°Å¸â€™Â´,yen banknote,uang kertas yen
ğŸ’µ,money,uang,Ã°Å¸â€™Âµ,dollar banknote,uang kertas dolar
ğŸ’·,money,uang,Ã°Å¸â€™Â·,pound banknote,uang kertas pound
ğŸ’¶,money,uang,Ã°Å¸â€™Â¶,euro banknote,uang kertas euro
ğŸ’³,money,uang,Ã°Å¸â€™Â³,credit card,kartu kredit
ğŸ’¸,money,uang,Ã°Å¸â€™Â¸,money with wings,uang dengan sayap
ğŸ“²,iphone,iPhone,Ã°Å¸â€œÂ²,mobile phone with arrow,ponsel dengan panah
ğŸ“§,letter,surat,Ã°Å¸â€œÂ§,e-mail,surel
ğŸ“¥,letter,surat,Ã°Å¸â€œÂ¥,inbox tray,baki kotak masuk
ğŸ“¤,letter,surat,Ã°Å¸â€œÂ¤,outbox tray,baki kotak keluar
âœ‰ï¸,letter,surat,Ã¢Å“â€°Ã¯Â¸Â,envelope,amplop
ğŸ“©,letter,surat,Ã°Å¸â€œÂ©,envelope with arrow,amplop dengan panah
ğŸ“¨,letter,surat,Ã°Å¸â€œÂ¨,incoming envelope,amplop masuk
ğŸ“¯,horn,klakson,Ã°Å¸â€œÂ¯,postal horn,klakson pos
ğŸ“«,letter,surat,Ã°Å¸â€œÂ«,closed mailbox with raised flag,kotak surat tertutup dengan bendera terangkat
ğŸ“ª,letter,surat,Ã°Å¸â€œÂª,closed mailbox with lowered flag,kotak surat tertutup dengan bendera diturunkan
ğŸ“¬,letter,surat,Ã°Å¸â€œÂ¬,open mailbox with raised flag,buka kotak surat dengan bendera terangkat
ğŸ“­,letter,surat,Ã°Å¸â€œÂ­,open mailbox with lowered flag,buka kotak surat dengan bendera diturunkan
ğŸ“®,letter,surat,Ã°Å¸â€œÂ®,postbox,kotak pos
ğŸ“¦,letter,surat,Ã°Å¸â€œÂ¦,package,kemasan
ğŸ“,office,kantor,Ã°Å¸â€œÂ,memo,memo
ğŸ“„,office,kantor,Ã°Å¸â€œâ€,page facing up,halaman menghadap ke atas
ğŸ“ƒ,office,kantor,Ã°Å¸â€œÆ’,page with curl,halaman dengan ikal
ğŸ“‘,office,kantor,Ã°Å¸â€œâ€˜,bookmark tabs,tab penanda
ğŸ“Š,office,kantor,Ã°Å¸â€œÅ ,bar chart,grafik batang
ğŸ“ˆ,office,kantor,Ã°Å¸â€œË†,chart increasing,grafik meningkat
ğŸ“‰,office,kantor,Ã°Å¸â€œâ€°,chart decreasing,grafik menurun
ğŸ“œ,office,kantor,Ã°Å¸â€œÅ“,scroll,menggulir
ğŸ“‹,office,kantor,Ã°Å¸â€œâ€¹,clipboard,papan klip
ğŸ“…,office,kantor,Ã°Å¸â€œâ€¦,calendar,kalender
ğŸ“†,office,kantor,Ã°Å¸â€œâ€ ,tear-off calendar,kalender sobek
ğŸ“‡,office,kantor,Ã°Å¸â€œâ€¡,card index,Indeks kartu
ğŸ“,office,kantor,Ã°Å¸â€œÂ,file folder,folder berkas
ğŸ“‚,office,kantor,Ã°Å¸â€œâ€š,open file folder,buka folder berkas
âœ‚ï¸,office,kantor,Ã¢Å“â€šÃ¯Â¸Â,scissors,gunting
ğŸ“Œ,office,kantor,Ã°Å¸â€œÅ’,pushpin,peniti
ğŸ“,office,kantor,Ã°Å¸â€œÅ½,paperclip,klip kertas
âœ’ï¸,office,kantor,Ã¢Å“â€™Ã¯Â¸Â,black nib,ujung pena hitam
âœï¸,office,kantor,Ã¢Å“ÂÃ¯Â¸Â,pencil,pensil
ğŸ“,office,kantor,Ã°Å¸â€œÂ,straight ruler,penggaris lurus
ğŸ“,office,kantor,Ã°Å¸â€œÂ,triangular ruler,penggaris segitiga
ğŸ“•,book,buku,Ã°Å¸â€œâ€¢,closed book,buku tertutup
ğŸ“—,book,buku,Ã°Å¸â€œâ€”,green book,buku hijau
ğŸ“˜,book,buku,Ã°Å¸â€œËœ,blue book,buku Biru
ğŸ“™,book,buku,Ã°Å¸â€œâ„¢,orange book,buku oranye
ğŸ““,book,buku,Ã°Å¸â€œâ€œ,notebook,buku catatan
ğŸ“”,book,buku,Ã°Å¸â€œâ€,notebook with decorative cover,buku catatan dengan sampul dekoratif
ğŸ“’,book,buku,Ã°Å¸â€œâ€™,ledger,buku besar
ğŸ“š,book,buku,Ã°Å¸â€œÅ¡,books,buku
ğŸ“–,book,buku,Ã°Å¸â€œâ€“,open book,Buka buku
ğŸ”–,badge,lencana,Ã°Å¸â€â€“,bookmark,penanda buku
ğŸ“›,badge,lencana,Ã°Å¸â€œâ€º,name badge,lencana nama
ğŸ”¬,science,sains,Ã°Å¸â€Â¬,microscope,mikroskop
ğŸ”­,science,sains,Ã°Å¸â€Â­,telescope,teleskop
ğŸ“°,news,berita,Ã°Å¸â€œÂ°,newspaper,koran
ğŸ¨,art,seni,Ã°Å¸Å½Â¨,artist palette,palet artis
ğŸ¬,movie,film,Ã°Å¸Å½Â¬,clapper board,papan genta
ğŸ¤,mic,mikrofon,Ã°Å¸Å½Â¤,microphone,mikropon
ğŸ§,earphone,earphone,Ã°Å¸Å½Â§,headphone,headphone
ğŸ¼,music,musik,Ã°Å¸Å½Â¼,musical score,skor musik
ğŸµ,music,musik,Ã°Å¸Å½Âµ,musical note,not musik
ğŸ¶,music,musik,Ã°Å¸Å½Â¶,musical notes,not balok
ğŸ¹,music,musik,Ã°Å¸Å½Â¹,musical keyboard,papan ketik musik
ğŸ»,music,musik,Ã°Å¸Å½Â»,violin,biola
ğŸº,music,musik,Ã°Å¸Å½Âº,trumpet,terompet
ğŸ·,music,musik,Ã°Å¸Å½Â·,saxophone,saksofon
ğŸ¸,music,musik,Ã°Å¸Å½Â¸,guitar,gitar
ğŸ‘¾,game,permainan,Ã°Å¸â€˜Â¾,alien monster,monster asing
ğŸ®,game,permainan,Ã°Å¸Å½Â®,video game,video game
ğŸƒ,game,permainan,Ã°Å¸Æ’Â,joker,pelawak
ğŸ´,game,permainan,Ã°Å¸Å½Â´,flower playing cards,kartu remi bunga
ğŸ€„ï¸,game,permainan,Ã°Å¸â‚¬â€Ã¯Â¸Â,mahjong red dragon,mahjong naga merah
ğŸ²,game,permainan,Ã°Å¸Å½Â²,game die,permainan mati
ğŸ¯,game,permainan,Ã°Å¸Å½Â¯,bullseye,tepat sasaran
ğŸˆ,sport,olahraga,Ã°Å¸ÂË†,american football,sepak bola Amerika
ğŸ€,sport,olahraga,Ã°Å¸Ââ‚¬,basketball,bola basket
âš½ï¸,sport,olahraga,Ã¢Å¡Â½Ã¯Â¸Â,soccer ball,sepak bola
âš¾ï¸,sport,olahraga,Ã¢Å¡Â¾Ã¯Â¸Â,baseball,baseball
ğŸ¾,sport,olahraga,Ã°Å¸Å½Â¾,tennis,tenis
ğŸ±,sport,olahraga,Ã°Å¸Å½Â±,pool 8 ball,kolam 8 bola
ğŸ‰,sport,olahraga,Ã°Å¸Ââ€°,rugby football,sepak bola rugbi
ğŸ³,sport,olahraga,Ã°Å¸Å½Â³,bowling,bowling
â›³ï¸,sport,olahraga,Ã¢â€ºÂ³Ã¯Â¸Â,flag in hole,bendera di dalam lubang
ğŸšµ,sport,olahraga,Ã°Å¸Å¡Âµ,person mountain biking,orang bersepeda gunung
ğŸšµğŸ»,,,Ã°Å¸Å¡ÂµÃ°Å¸ÂÂ»,person mountain biking light skin tone,orang bersepeda gunung warna kulit cerah
ğŸšµğŸ¼,,,Ã°Å¸Å¡ÂµÃ°Å¸ÂÂ¼,person mountain biking medium-light skin tone,orang bersepeda gunung warna kulit cerah-sedang
ğŸšµğŸ½,,,Ã°Å¸Å¡ÂµÃ°Å¸ÂÂ½,person mountain biking medium skin tone,orang bersepeda gunung warna kulit sedang
ğŸšµğŸ¾,,,Ã°Å¸Å¡ÂµÃ°Å¸ÂÂ¾,person mountain biking medium-dark skin tone,orang bersepeda gunung warna kulit gelap-sedang
ğŸšµğŸ¿,,,Ã°Å¸Å¡ÂµÃ°Å¸ÂÂ¿,person mountain biking dark skin tone,orang bersepeda gunung warna kulit gelap
ğŸš´,sport,olahraga,Ã°Å¸Å¡Â´,person biking,orang bersepeda
ğŸš´ğŸ»,,,Ã°Å¸Å¡Â´Ã°Å¸ÂÂ»,person biking light skin tone,orang bersepeda warna kulit cerah
ğŸš´ğŸ¼,,,Ã°Å¸Å¡Â´Ã°Å¸ÂÂ¼,person biking medium-light skin tone,orang bersepeda warna kulit cerah-sedang
ğŸš´ğŸ½,,,Ã°Å¸Å¡Â´Ã°Å¸ÂÂ½,person biking medium skin tone,orang bersepeda warna kulit sedang
ğŸš´ğŸ¾,,,Ã°Å¸Å¡Â´Ã°Å¸ÂÂ¾,person biking medium-dark skin tone,orang bersepeda warna kulit gelap-sedang
ğŸš´ğŸ¿,,,Ã°Å¸Å¡Â´Ã°Å¸ÂÂ¿,person biking dark skin tone,orang bersepeda warna kulit gelap
ğŸ,sport,olahraga,Ã°Å¸ÂÂ,chequered flag,bendera kotak-kotak
ğŸ‡,sport,olahraga,Ã°Å¸Ââ€¡,horse racing,pacuan kuda
ğŸ‡ğŸ»,,,Ã°Å¸Ââ€¡Ã°Å¸ÂÂ»,horse racing light skin tone,pacuan kuda warna kulit cerah
ğŸ‡ğŸ¼,,,Ã°Å¸Ââ€¡Ã°Å¸ÂÂ¼,horse racing medium-light skin tone,pacuan kuda warna kulit cerah-sedang
ğŸ‡ğŸ½,,,Ã°Å¸Ââ€¡Ã°Å¸ÂÂ½,horse racing medium skin tone,balap kuda warna kulit sedang
ğŸ‡ğŸ¾,,,Ã°Å¸Ââ€¡Ã°Å¸ÂÂ¾,horse racing medium-dark skin tone,balap kuda warna kulit gelap-sedang
ğŸ‡ğŸ¿,,,Ã°Å¸Ââ€¡Ã°Å¸ÂÂ¿,horse racing dark skin tone,balap kuda warna kulit gelap
ğŸ†,sport,olahraga,Ã°Å¸Ââ€ ,trophy,piala
ğŸ¿,sport,olahraga,Ã°Å¸Å½Â¿,skis,ski
ğŸ‚,sport,olahraga,Ã°Å¸Ââ€š,snowboarder,pemain seluncur salju
ğŸŠ,sport,olahraga,Ã°Å¸ÂÅ ,person swimming,orang berenang
ğŸŠğŸ»,,,Ã°Å¸ÂÅ Ã°Å¸ÂÂ»,person swimming light skin tone,orang berenang warna kulit cerah
ğŸŠğŸ¼,,,Ã°Å¸ÂÅ Ã°Å¸ÂÂ¼,person swimming medium-light skin tone,orang yang berenang warna kulit cerah-sedang
ğŸŠğŸ½,,,Ã°Å¸ÂÅ Ã°Å¸ÂÂ½,person swimming medium skin tone,orang yang berenang warna kulit sedang
ğŸŠğŸ¾,,,Ã°Å¸ÂÅ Ã°Å¸ÂÂ¾,person swimming medium-dark skin tone,orang berenang warna kulit gelap-sedang
ğŸŠğŸ¿,,,Ã°Å¸ÂÅ Ã°Å¸ÂÂ¿,person swimming dark skin tone,orang berenang warna kulit gelap
ğŸ„,sport,olahraga,Ã°Å¸Ââ€,person surfing,orang berselancar
ğŸ„ğŸ»,,,Ã°Å¸Ââ€Ã°Å¸ÂÂ»,person surfing light skin tone,orang berselancar warna kulit terang
ğŸ„ğŸ¼,,,Ã°Å¸Ââ€Ã°Å¸ÂÂ¼,person surfing medium-light skin tone,orang berselancar warna kulit cerah sedang
ğŸ„ğŸ½,,,Ã°Å¸Ââ€Ã°Å¸ÂÂ½,person surfing medium skin tone,orang berselancar dengan warna kulit sedang
ğŸ„ğŸ¾,,,Ã°Å¸Ââ€Ã°Å¸ÂÂ¾,person surfing medium-dark skin tone,orang berselancar dengan warna kulit sedang-gelap
ğŸ„ğŸ¿,,,Ã°Å¸Ââ€Ã°Å¸ÂÂ¿,person surfing dark skin tone,orang berselancar warna kulit gelap
ğŸ£,sport,olahraga,Ã°Å¸Å½Â£,fishing pole,alat pancing
â˜•ï¸,fooddrink,makanan Minuman,Ã¢Ëœâ€¢Ã¯Â¸Â,hot beverage,minuman panas
ğŸµ,fooddrink,makanan Minuman,Ã°Å¸ÂÂµ,teacup without handle,cangkir teh tanpa pegangan
ğŸ¶,fooddrink,makanan Minuman,Ã°Å¸ÂÂ¶,sake,demi
ğŸ¼,fooddrink,makanan Minuman,Ã°Å¸ÂÂ¼,baby bottle,botol bayi
ğŸº,fooddrink,makanan Minuman,Ã°Å¸ÂÂº,beer mug,cangkir bir
ğŸ»,fooddrink,makanan Minuman,Ã°Å¸ÂÂ»,clinking beer mugs,dentingan gelas bir
ğŸ¸,fooddrink,makanan Minuman,Ã°Å¸ÂÂ¸,cocktail glass,gelas koktail
ğŸ¹,fooddrink,makanan Minuman,Ã°Å¸ÂÂ¹,tropical drink,minuman tropis
ğŸ·,fooddrink,makanan Minuman,Ã°Å¸ÂÂ·,wine glass,gelas anggur
ğŸ´,fooddrink,makanan Minuman,Ã°Å¸ÂÂ´,fork and knife,garpu dan pisau
ğŸ•,fooddrink,makanan Minuman,Ã°Å¸Ââ€¢,pizza,Pizza
ğŸ”,fooddrink,makanan Minuman,Ã°Å¸Ââ€,hamburger,roti isi daging
ğŸŸ,fooddrink,makanan Minuman,Ã°Å¸ÂÅ¸,french fries,kentang goreng
ğŸ—,fooddrink,makanan Minuman,Ã°Å¸Ââ€”,poultry leg,kaki unggas
ğŸ–,fooddrink,makanan Minuman,Ã°Å¸Ââ€“,meat on bone,daging di tulang
ğŸ,fooddrink,makanan Minuman,Ã°Å¸ÂÂ,spaghetti,spageti
ğŸ›,fooddrink,makanan Minuman,Ã°Å¸Ââ€º,curry rice,nasi kari
ğŸ¤,fooddrink,makanan Minuman,Ã°Å¸ÂÂ¤,fried shrimp,udang goreng
ğŸ±,fooddrink,makanan Minuman,Ã°Å¸ÂÂ±,bento box,kotak bento
ğŸ£,fooddrink,makanan Minuman,Ã°Å¸ÂÂ£,sushi,Sushi
ğŸ¥,fooddrink,makanan Minuman,Ã°Å¸ÂÂ¥,fish cake with swirl,kue ikan dengan pusaran
ğŸ™,fooddrink,makanan Minuman,Ã°Å¸Ââ„¢,rice ball,bola nasi
ğŸ˜,fooddrink,makanan Minuman,Ã°Å¸ÂËœ,rice cracker,kerupuk nasi
ğŸš,fooddrink,makanan Minuman,Ã°Å¸ÂÅ¡,cooked rice,Nasi
ğŸœ,fooddrink,makanan Minuman,Ã°Å¸ÂÅ“,steaming bowl,mangkuk kukusan
ğŸ²,fooddrink,makanan Minuman,Ã°Å¸ÂÂ²,pot of food,sepanci makanan
ğŸ¢,fooddrink,makanan Minuman,Ã°Å¸ÂÂ¢,oden,oden
ğŸ¡,fooddrink,makanan Minuman,Ã°Å¸ÂÂ¡,dango,dango
ğŸ³,fooddrink,makanan Minuman,Ã°Å¸ÂÂ³,cooking,memasak
ğŸ,fooddrink,makanan Minuman,Ã°Å¸ÂÅ¾,bread,roti
ğŸ©,fooddrink,makanan Minuman,Ã°Å¸ÂÂ©,doughnut,donat
ğŸ®,fooddrink,makanan Minuman,Ã°Å¸ÂÂ®,custard,Custard
ğŸ¦,fooddrink,makanan Minuman,Ã°Å¸ÂÂ¦,soft ice cream,es krim lembut
ğŸ¨,fooddrink,makanan Minuman,Ã°Å¸ÂÂ¨,ice cream,es krim
ğŸ§,fooddrink,makanan Minuman,Ã°Å¸ÂÂ§,shaved ice,es serut
ğŸ‚,fooddrink,makanan Minuman,Ã°Å¸Å½â€š,birthday cake,kue ulang tahun
ğŸ°,fooddrink,makanan Minuman,Ã°Å¸ÂÂ°,shortcake,kue pendek
ğŸª,fooddrink,makanan Minuman,Ã°Å¸ÂÂª,cookie,Kue kering
ğŸ«,fooddrink,makanan Minuman,Ã°Å¸ÂÂ«,chocolate bar,coklat batangan
ğŸ¬,fooddrink,makanan Minuman,Ã°Å¸ÂÂ¬,candy,Permen
ğŸ­,fooddrink,makanan Minuman,Ã°Å¸ÂÂ­,lollipop,permen lolipop
ğŸ¯,fooddrink,makanan Minuman,Ã°Å¸ÂÂ¯,honey pot,wadah madu
ğŸ,fooddrink,makanan Minuman,Ã°Å¸ÂÅ½,red apple,apel merah
ğŸ,fooddrink,makanan Minuman,Ã°Å¸ÂÂ,green apple,apel hijau
ğŸŠ,fooddrink,makanan Minuman,Ã°Å¸ÂÅ ,tangerine,jeruk keprok
ğŸ‹,fooddrink,makanan Minuman,Ã°Å¸Ââ€¹,lemon,lemon
ğŸ’,fooddrink,makanan Minuman,Ã°Å¸Ââ€™,cherries,ceri
ğŸ‡,fooddrink,makanan Minuman,Ã°Å¸Ââ€¡,grapes,anggur
ğŸ‰,fooddrink,makanan Minuman,Ã°Å¸Ââ€°,watermelon,semangka
ğŸ“,fooddrink,makanan Minuman,Ã°Å¸Ââ€œ,strawberry,stroberi
ğŸ‘,fooddrink,makanan Minuman,Ã°Å¸Ââ€˜,peach,persik
ğŸˆ,fooddrink,makanan Minuman,Ã°Å¸ÂË†,melon,melon
ğŸŒ,fooddrink,makanan Minuman,Ã°Å¸ÂÅ’,banana,pisang
ğŸ,fooddrink,makanan Minuman,Ã°Å¸ÂÂ,pear,pir
ğŸ,fooddrink,makanan Minuman,Ã°Å¸ÂÂ,pineapple,nanas
ğŸ ,fooddrink,makanan Minuman,Ã°Å¸Â,roasted sweet potato,ubi panggang
ğŸ†,fooddrink,makanan Minuman,Ã°Å¸Ââ€ ,eggplant,terong
ğŸ…,fooddrink,makanan Minuman,Ã°Å¸Ââ€¦,tomato,tomat
ğŸŒ½,fooddrink,makanan Minuman,Ã°Å¸Å’Â½,ear of corn,telinga jagung
ğŸ ,building,bangunan,Ã°Å¸Â,house,rumah
ğŸ¡,building,bangunan,Ã°Å¸ÂÂ¡,house with garden,rumah dengan taman
ğŸ«,building,bangunan,Ã°Å¸ÂÂ«,school,sekolah
ğŸ¢,building,bangunan,Ã°Å¸ÂÂ¢,office building,gedung kantor
ğŸ£,building,bangunan,Ã°Å¸ÂÂ£,Japanese post office,kantor pos Jepang
ğŸ¥,building,bangunan,Ã°Å¸ÂÂ¥,hospital,RSUD
ğŸ¦,building,bangunan,Ã°Å¸ÂÂ¦,bank,bank
ğŸª,building,bangunan,Ã°Å¸ÂÂª,convenience store,toko serba-ada
ğŸ©,building,bangunan,Ã°Å¸ÂÂ©,love hotel,hotel cinta
ğŸ¨,building,bangunan,Ã°Å¸ÂÂ¨,hotel,hotel
ğŸ’’,building,bangunan,Ã°Å¸â€™â€™,wedding,pernikahan
â›ªï¸,building,bangunan,Ã¢â€ºÂªÃ¯Â¸Â,church,gereja
ğŸ¬,building,bangunan,Ã°Å¸ÂÂ¬,department store,toko serba ada
ğŸ¤,building,bangunan,Ã°Å¸ÂÂ¤,post office,kantor Pos
ğŸŒ‡,square,persegi,Ã°Å¸Å’â€¡,sunset,matahari terbenam
ğŸŒ†,square,persegi,Ã°Å¸Å’â€ ,cityscape at dusk,pemandangan kota saat senja
ğŸ¯,square,persegi,Ã°Å¸ÂÂ¯,Japanese castle,kastil Jepang
ğŸ°,square,persegi,Ã°Å¸ÂÂ°,castle,Kastil
â›ºï¸,square,persegi,Ã¢â€ºÂºÃ¯Â¸Â,tent,tenda
ğŸ­,square,persegi,Ã°Å¸ÂÂ­,factory,pabrik
ğŸ—¼,square,persegi,Ã°Å¸â€”Â¼,Tokyo tower,Menara Tokyo
ğŸ—¾,square,persegi,Ã°Å¸â€”Â¾,map of Japan,peta Jepang
ğŸ—»,square,persegi,Ã°Å¸â€”Â»,mount fuji,Gunung Fuji
ğŸŒ„,square,persegi,Ã°Å¸Å’â€,sunrise over mountains,matahari terbit di atas pegunungan
ğŸŒ…,square,persegi,Ã°Å¸Å’â€¦,sunrise,matahari terbit
ğŸŒƒ,square,persegi,Ã°Å¸Å’Æ’,night with stars,malam dengan bintang
ğŸ—½,square,persegi,Ã°Å¸â€”Â½,Statue of Liberty,Patung Liberty
ğŸŒ‰,square,persegi,Ã°Å¸Å’â€°,bridge at night,jembatan di malam hari
ğŸ ,square,persegi,Ã°Å¸Å½,carousel horse,kuda korsel
ğŸ¡,square,persegi,Ã°Å¸Å½Â¡,ferris wheel,kincir ria
â›²ï¸,square,persegi,Ã¢â€ºÂ²Ã¯Â¸Â,fountain,air mancur
ğŸ¢,square,persegi,Ã°Å¸Å½Â¢,roller coaster,roller coaster
ğŸš¢,square,persegi,Ã°Å¸Å¡Â¢,ship,mengirimkan
â›µï¸,vehicle,kendaraan,Ã¢â€ºÂµÃ¯Â¸Â,sailboat,perahu layar
ğŸš¤,vehicle,kendaraan,Ã°Å¸Å¡Â¤,speedboat,perahu cepat
ğŸš£,vehicle,kendaraan,Ã°Å¸Å¡Â£,person rowing boat,orang mendayung perahu
âš“ï¸,vehicle,kendaraan,Ã¢Å¡â€œÃ¯Â¸Â,anchor,jangkar
ğŸš€,vehicle,kendaraan,Ã°Å¸Å¡â‚¬,rocket,roket
âœˆï¸,vehicle,kendaraan,Ã¢Å“Ë†Ã¯Â¸Â,airplane,pesawat terbang
ğŸ’º,vehicle,kendaraan,Ã°Å¸â€™Âº,seat,kursi
ğŸš,vehicle,kendaraan,Ã°Å¸Å¡Â,helicopter,helikopter
ğŸš‚,vehicle,kendaraan,Ã°Å¸Å¡â€š,locomotive,lokomotif
ğŸšŠ,vehicle,kendaraan,Ã°Å¸Å¡Å ,tram,trem
ğŸš‰,vehicle,kendaraan,Ã°Å¸Å¡â€°,station,stasiun
ğŸš,vehicle,kendaraan,Ã°Å¸Å¡Å¾,mountain railway,kereta api gunung
ğŸš†,vehicle,kendaraan,Ã°Å¸Å¡â€ ,train,kereta
ğŸš„,vehicle,kendaraan,Ã°Å¸Å¡â€,high-speed train,kereta kecepatan tinggi
ğŸš…,vehicle,kendaraan,Ã°Å¸Å¡â€¦,bullet train,kereta peluru
ğŸšˆ,vehicle,kendaraan,Ã°Å¸Å¡Ë†,light rail,kereta api ringan
ğŸš‡,vehicle,kendaraan,Ã°Å¸Å¡â€¡,metro,metro
ğŸš,vehicle,kendaraan,Ã°Å¸Å¡Â,monorail,monorel
ğŸš‹,vehicle,kendaraan,Ã°Å¸Å¡â€¹,tram car,mobil trem
ğŸšƒ,vehicle,kendaraan,Ã°Å¸Å¡Æ’,railway car,gerbong kereta api
ğŸš,vehicle,kendaraan,Ã°Å¸Å¡Å½,trolleybus,bis listrik
ğŸšŒ,vehicle,kendaraan,Ã°Å¸Å¡Å’,bus,bis
ğŸš,vehicle,kendaraan,Ã°Å¸Å¡Â,oncoming bus,bus yang melaju
ğŸš™,vehicle,kendaraan,Ã°Å¸Å¡â„¢,sport utility vehicle,kendaraan keperluan olahraga
ğŸš˜,vehicle,kendaraan,Ã°Å¸Å¡Ëœ,oncoming automobile,mobil yang melaju
ğŸš—,vehicle,kendaraan,Ã°Å¸Å¡â€”,automobile,mobil
ğŸš•,vehicle,kendaraan,Ã°Å¸Å¡â€¢,taxi,taksi
ğŸš–,vehicle,kendaraan,Ã°Å¸Å¡â€“,oncoming taxi,taksi yang melaju
ğŸš›,vehicle,kendaraan,Ã°Å¸Å¡â€º,articulated lorry,truk artikulasi
ğŸšš,vehicle,kendaraan,Ã°Å¸Å¡Å¡,delivery truck,truk pengiriman
ğŸš¨,vehicle,kendaraan,Ã°Å¸Å¡Â¨,police car light,lampu mobil polisi
ğŸš“,vehicle,kendaraan,Ã°Å¸Å¡â€œ,police car,mobil polisi
ğŸš”,vehicle,kendaraan,Ã°Å¸Å¡â€,oncoming police car,mobil polisi yang melaju
ğŸš’,vehicle,kendaraan,Ã°Å¸Å¡â€™,fire engine,mesin pemadam kebakaran
ğŸš‘,vehicle,kendaraan,Ã°Å¸Å¡â€˜,ambulance,ambulans
ğŸš,vehicle,kendaraan,Ã°Å¸Å¡Â,minibus,minibus
ğŸš²,vehicle,kendaraan,Ã°Å¸Å¡Â²,bicycle,sepeda
ğŸš¡,vehicle,kendaraan,Ã°Å¸Å¡Â¡,aerial tramway,jalur trem udara
ğŸšŸ,vehicle,kendaraan,Ã°Å¸Å¡Å¸,suspension railway,kereta api suspensi
ğŸš ,vehicle,kendaraan,Ã°Å¸Å¡,mountain cableway,kereta gantung gunung
ğŸšœ,vehicle,kendaraan,Ã°Å¸Å¡Å“,tractor,traktor
ğŸ’ˆ,sign,tanda,Ã°Å¸â€™Ë†,barber pole,tiang tukang cukur
ğŸš,sign,tanda,Ã°Å¸Å¡Â,bus stop,pemberhentian bus
ğŸ«,sign,tanda,Ã°Å¸Å½Â«,ticket,tiket
ğŸš¦,sign,tanda,Ã°Å¸Å¡Â¦,vertical traffic light,lampu lalu lintas vertikal
ğŸš¥,sign,tanda,Ã°Å¸Å¡Â¥,horizontal traffic light,lampu lalu lintas horisontal
âš ï¸,sign,tanda,Ã¢Å¡ Ã¯Â¸Â,warning,peringatan
ğŸš§,sign,tanda,Ã°Å¸Å¡Â§,construction,konstruksi
ğŸ”°,sign,tanda,Ã°Å¸â€Â°,Japanese symbol for beginner,Simbol Jepang untuk pemula
â›½ï¸,sign,tanda,Ã¢â€ºÂ½Ã¯Â¸Â,fuel pump,pompa bahan bakar
ğŸ®,sign,tanda,Ã°Å¸ÂÂ®,red paper lantern,lentera kertas merah
ğŸ°,sign,tanda,Ã°Å¸Å½Â°,slot machine,mesin judi
â™¨ï¸,sign,tanda,Ã¢â„¢Â¨Ã¯Â¸Â,hot springs,air panas
ğŸ—¿,sign,tanda,Ã°Å¸â€”Â¿,moai,moai
ğŸª,sign,tanda,Ã°Å¸Å½Âª,circus tent,tenda sirkus
ğŸ­,sign,tanda,Ã°Å¸Å½Â­,performing arts,pentas seni
ğŸ“,sign,tanda,Ã°Å¸â€œÂ,round pushpin,peniti bulat
ğŸš©,sign,tanda,Ã°Å¸Å¡Â©,triangular flag,bendera segitiga
ğŸ‡¦ğŸ‡º,flag,bendera,Ã°Å¸â€¡Â¦Ã°Å¸â€¡Âº,Australia,Australia
ğŸ‡¦ğŸ‡¹,flag,bendera,Ã°Å¸â€¡Â¦Ã°Å¸â€¡Â¹,Austria,Austria
ğŸ‡§ğŸ‡ª,flag,bendera,Ã°Å¸â€¡Â§Ã°Å¸â€¡Âª,Belgium,Belgium
ğŸ‡§ğŸ‡·,flag,bendera,Ã°Å¸â€¡Â§Ã°Å¸â€¡Â·,Brazil,Brazil
ğŸ‡¨ğŸ‡¦,flag,bendera,Ã°Å¸â€¡Â¨Ã°Å¸â€¡Â¦,Canada,Kanada
ğŸ‡¨ğŸ‡±,flag,bendera,Ã°Å¸â€¡Â¨Ã°Å¸â€¡Â±,Chile,Chili
ğŸ‡¨ğŸ‡³,flag,bendera,Ã°Å¸â€¡Â¨Ã°Å¸â€¡Â³,China,Cina
ğŸ‡¨ğŸ‡´,flag,bendera,Ã°Å¸â€¡Â¨Ã°Å¸â€¡Â´,Colombia,Kolumbia
ğŸ‡©ğŸ‡°,flag,bendera,Ã°Å¸â€¡Â©Ã°Å¸â€¡Â°,Denmark,Denmark
ğŸ‡«ğŸ‡®,flag,bendera,Ã°Å¸â€¡Â«Ã°Å¸â€¡Â®,Finland,Finlandia
ğŸ‡«ğŸ‡·,flag,bendera,Ã°Å¸â€¡Â«Ã°Å¸â€¡Â·,France,Perancis
ğŸ‡©ğŸ‡ª,flag,bendera,Ã°Å¸â€¡Â©Ã°Å¸â€¡Âª,Germany,Jerman
ğŸ‡­ğŸ‡°,flag,bendera,Ã°Å¸â€¡Â­Ã°Å¸â€¡Â°,Hong Kong SAR China,Hong Kong SAR Cina
ğŸ‡®ğŸ‡³,flag,bendera,Ã°Å¸â€¡Â®Ã°Å¸â€¡Â³,India,India
ğŸ‡®ğŸ‡©,flag,bendera,Ã°Å¸â€¡Â®Ã°Å¸â€¡Â©,Indonesia,Indonesia
ğŸ‡®ğŸ‡ª,flag,bendera,Ã°Å¸â€¡Â®Ã°Å¸â€¡Âª,Ireland,Irlandia
ğŸ‡®ğŸ‡±,flag,bendera,Ã°Å¸â€¡Â®Ã°Å¸â€¡Â±,Israel,Israel
ğŸ‡®ğŸ‡¹,flag,bendera,Ã°Å¸â€¡Â®Ã°Å¸â€¡Â¹,Italy,Italia
ğŸ‡¯ğŸ‡µ,flag,bendera,Ã°Å¸â€¡Â¯Ã°Å¸â€¡Âµ,Japan,Jepang
ğŸ‡°ğŸ‡·,flag,bendera,Ã°Å¸â€¡Â°Ã°Å¸â€¡Â·,South Korea,Korea Selatan
ğŸ‡²ğŸ‡´,flag,bendera,Ã°Å¸â€¡Â²Ã°Å¸â€¡Â´,Macao SAR China,Makau SAR Cina
ğŸ‡²ğŸ‡¾,flag,bendera,Ã°Å¸â€¡Â²Ã°Å¸â€¡Â¾,Malaysia,Malaysia
ğŸ‡²ğŸ‡½,flag,bendera,Ã°Å¸â€¡Â²Ã°Å¸â€¡Â½,Mexico,Meksiko
ğŸ‡³ğŸ‡±,flag,bendera,Ã°Å¸â€¡Â³Ã°Å¸â€¡Â±,Netherlands,Belanda
ğŸ‡³ğŸ‡¿,flag,bendera,Ã°Å¸â€¡Â³Ã°Å¸â€¡Â¿,New Zealand,Selandia Baru
ğŸ‡³ğŸ‡´,flag,bendera,Ã°Å¸â€¡Â³Ã°Å¸â€¡Â´,Norway,Norway
ğŸ‡µğŸ‡­,flag,bendera,Ã°Å¸â€¡ÂµÃ°Å¸â€¡Â­,Philippines,Filipina
ğŸ‡µğŸ‡±,flag,bendera,Ã°Å¸â€¡ÂµÃ°Å¸â€¡Â±,Poland,Polandia
ğŸ‡µğŸ‡¹,flag,bendera,Ã°Å¸â€¡ÂµÃ°Å¸â€¡Â¹,Portugal,Portugal
ğŸ‡µğŸ‡·,flag,bendera,Ã°Å¸â€¡ÂµÃ°Å¸â€¡Â·,Puerto Rico,Puerto Riko
ğŸ‡·ğŸ‡º,flag,bendera,Ã°Å¸â€¡Â·Ã°Å¸â€¡Âº,Russia,Rusia
ğŸ‡¸ğŸ‡¦,flag,bendera,Ã°Å¸â€¡Â¸Ã°Å¸â€¡Â¦,Saudi Arabia,Arab Saudi
ğŸ‡¸ğŸ‡¬,flag,bendera,Ã°Å¸â€¡Â¸Ã°Å¸â€¡Â¬,Singapore,Singapura
ğŸ‡¿ğŸ‡¦,flag,bendera,Ã°Å¸â€¡Â¿Ã°Å¸â€¡Â¦,South Africa,Afrika Selatan
ğŸ‡ªğŸ‡¸,flag,bendera,Ã°Å¸â€¡ÂªÃ°Å¸â€¡Â¸,Spain,Spanyol
ğŸ‡¸ğŸ‡ª,flag,bendera,Ã°Å¸â€¡Â¸Ã°Å¸â€¡Âª,Sweden,Swedia
ğŸ‡¨ğŸ‡­,flag,bendera,Ã°Å¸â€¡Â¨Ã°Å¸â€¡Â­,Switzerland,Swiss
ğŸ‡¹ğŸ‡·,flag,bendera,Ã°Å¸â€¡Â¹Ã°Å¸â€¡Â·,Turkey,Turki
ğŸ‡¬ğŸ‡§,flag,bendera,Ã°Å¸â€¡Â¬Ã°Å¸â€¡Â§,United Kingdom,Britania Raya
ğŸ‡ºğŸ‡¸,flag,bendera,Ã°Å¸â€¡ÂºÃ°Å¸â€¡Â¸,United States,Amerika Serikat
ğŸ‡¦ğŸ‡ª,flag,bendera,Ã°Å¸â€¡Â¦Ã°Å¸â€¡Âª,United Arab Emirates,Uni Emirat Arab
ğŸ‡»ğŸ‡³,flag,bendera,Ã°Å¸â€¡Â»Ã°Å¸â€¡Â³,Vietnam,Vietnam
1ï¸âƒ£,,,1Ã¯Â¸ÂÃ¢Æ’Â£,keycap 1,tutup tombol 1
2ï¸âƒ£,,,2Ã¯Â¸ÂÃ¢Æ’Â£,keycap 2,tutup tombol 2
3ï¸âƒ£,,,3Ã¯Â¸ÂÃ¢Æ’Â£,keycap 3,tutup tombol 3
4ï¸âƒ£,,,4Ã¯Â¸ÂÃ¢Æ’Â£,keycap 4,tutup tombol 4
5ï¸âƒ£,,,5Ã¯Â¸ÂÃ¢Æ’Â£,keycap 5,tutup tombol 5
6ï¸âƒ£,,,6Ã¯Â¸ÂÃ¢Æ’Â£,keycap 6,tutup tombol 6
7ï¸âƒ£,,,7Ã¯Â¸ÂÃ¢Æ’Â£,keycap 7,tutup tombol 7
8ï¸âƒ£,,,8Ã¯Â¸ÂÃ¢Æ’Â£,keycap 8,tutup tombol 8
9ï¸âƒ£,,,9Ã¯Â¸ÂÃ¢Æ’Â£,keycap 9,tutup tombol 9
0ï¸âƒ£,,,0Ã¯Â¸ÂÃ¢Æ’Â£,keycap 0,tutup tombol 0
ğŸ”Ÿ,,,Ã°Å¸â€Å¸,keycap 10,tutup tombol 10
ğŸ”¢,,,Ã°Å¸â€Â¢,input numbers,memasukkan angka
#ï¸âƒ£,pound,pound,#Ã¯Â¸ÂÃ¢Æ’Â£,keycap #,tutup tombol #
ğŸ”£,symbols,simbol,Ã°Å¸â€Â£,input symbols,simbol masukan
â¬†ï¸,up,ke atas,Ã¢Â¬â€ Ã¯Â¸Â,up arrow,panah atas
â¬‡ï¸,down,turun,Ã¢Â¬â€¡Ã¯Â¸Â,down arrow,panah bawah
â¬…ï¸,left,kiri,Ã¢Â¬â€¦Ã¯Â¸Â,left arrow,panah kiri
â¡ï¸,right,Kanan,Ã¢Å¾Â¡Ã¯Â¸Â,right arrow,panah kanan
ğŸ” ,abcd,abcd,Ã°Å¸â€,input latin uppercase,masukan huruf besar latin
ğŸ”¡,abcd,abcd,Ã°Å¸â€Â¡,input latin lowercase,masukan huruf latin kecil
ğŸ”¤,abc,abc,Ã°Å¸â€Â¤,input latin letters,masukan huruf latin
â†—ï¸,upright,jujur,Ã¢â€ â€”Ã¯Â¸Â,up-right arrow,panah kanan atas
â†–ï¸,upleft,kiri atas,Ã¢â€ â€“Ã¯Â¸Â,up-left arrow,panah kiri atas
â†˜ï¸,downright,benar sekali,Ã¢â€ ËœÃ¯Â¸Â,down-right arrow,panah kanan bawah
â†™ï¸,downleft,kiri bawah,Ã¢â€ â„¢Ã¯Â¸Â,down-left arrow,panah kiri bawah
â†”ï¸,horiz,cakrawala,Ã¢â€ â€Ã¯Â¸Â,left-right arrow,panah kiri-kanan
â†•ï¸,vertical,vertikal,Ã¢â€ â€¢Ã¯Â¸Â,up-down arrow,panah atas-bawah
ğŸ”„,loop,lingkaran,Ã°Å¸â€â€,counterclockwise arrows button,tombol panah berlawanan arah jarum jam
â—€ï¸,lefttri,kiritri,Ã¢â€”â‚¬Ã¯Â¸Â,reverse button,tombol mundur
â–¶ï¸,righttri,benartri,Ã¢â€“Â¶Ã¯Â¸Â,play button,tombol putar
ğŸ”¼,uptri,uptri,Ã°Å¸â€Â¼,upwards button,tombol ke atas
ğŸ”½,downtri,downtri,Ã°Å¸â€Â½,downwards button,tombol ke bawah
â†©ï¸,cueback,isyarat balik,Ã¢â€ Â©Ã¯Â¸Â,right arrow curving left,panah kanan melengkung ke kiri
â†ªï¸,cueforward,isyarat ke depan,Ã¢â€ ÂªÃ¯Â¸Â,left arrow curving right,panah kiri melengkung ke kanan
â„¹ï¸,info,info,Ã¢â€Â¹Ã¯Â¸Â,information,informasi
âª,rewind,memutar ulang,Ã¢ÂÂª,fast reverse button,tombol mundur cepat
â©,fastforward,maju cepat,Ã¢ÂÂ©,fast-forward button,tombol maju cepat
â«,upforward,ke depan,Ã¢ÂÂ«,fast up button,tombol cepat
â¬,downforward,ke bawah,Ã¢ÂÂ¬,fast down button,tombol turun cepat
â¤µï¸,downward,ke bawah,Ã¢Â¤ÂµÃ¯Â¸Â,right arrow curving down,panah kanan melengkung ke bawah
â¤´ï¸,upward,ke atas,Ã¢Â¤Â´Ã¯Â¸Â,right arrow curving up,panah kanan melengkung ke atas
ğŸ†—,ok,Oke,Ã°Å¸â€ â€”,OK button,tombol oke
ğŸ”€,shuffle,acak,Ã°Å¸â€â‚¬,shuffle tracks button,tombol acak trek
ğŸ”,loop,lingkaran,Ã°Å¸â€Â,repeat button,tombol ulangi
ğŸ”‚,looponce,loop sekali,Ã°Å¸â€â€š,repeat single button,ulangi satu tombol
ğŸ†•,new,baru,Ã°Å¸â€ â€¢,NEW button,tombol BARU
ğŸ†™,upexcl,upexcl,Ã°Å¸â€ â„¢,UP! button,KE ATAS! tombol
ğŸ†’,cool,Dingin,Ã°Å¸â€ â€™,COOL button,tombol KEREN
ğŸ†“,free,bebas,Ã°Å¸â€ â€œ,FREE button,tombol GRATIS
ğŸ†–,ng,ng,Ã°Å¸â€ â€“,NG button,tombol NG
ğŸ“¶,bars,bar,Ã°Å¸â€œÂ¶,antenna bars,batang antena
ğŸ¦,movie,film,Ã°Å¸Å½Â¦,cinema,bioskop
ğŸˆ,asian,Asia,Ã°Å¸Ë†Â,Japanese here button,Tombol Jepang di sini
ğŸˆ¯ï¸,asian,Asia,Ã°Å¸Ë†Â¯Ã¯Â¸Â,Japanese reserved button,Tombol reservasi Jepang
ğŸˆ³,asian,Asia,Ã°Å¸Ë†Â³,Japanese vacancy button,Tombol lowongan Jepang
ğŸˆµ,asian,Asia,Ã°Å¸Ë†Âµ,Japanese no vacancy button,Tombol Jepang tidak ada lowongan
ğŸˆ´,asian,Asia,Ã°Å¸Ë†Â´,Japanese passing grade button,Tombol kelulusan kelas Jepang
ğŸˆ²,asian,Asia,Ã°Å¸Ë†Â²,Japanese prohibited button,Tombol terlarang Jepang
ğŸ‰,asian,Asia,Ã°Å¸â€°Â,Japanese bargain button,Tombol tawar-menawar Jepang
ğŸˆ¹,asian,Asia,Ã°Å¸Ë†Â¹,Japanese discount button,Tombol diskon Jepang
ğŸˆº,asian,Asia,Ã°Å¸Ë†Âº,Japanese open for business button,Tombol Jepang terbuka untuk bisnis
ğŸˆšï¸,asian,Asia,Ã°Å¸Ë†Å¡Ã¯Â¸Â,Japanese free of charge button,Tombol Jepang gratis
ğŸš»,menwomen,pria wanita,Ã°Å¸Å¡Â»,restroom,kamar kecil
ğŸš¹,men,laki-laki,Ã°Å¸Å¡Â¹,menâ€™s room,ruangan Pria
ğŸšº,women,wanita,Ã°Å¸Å¡Âº,womenâ€™s room,kamar wanita
ğŸš¼,baby,Sayang,Ã°Å¸Å¡Â¼,baby symbol,simbol bayi
ğŸš¾,wc,toilet,Ã°Å¸Å¡Â¾,water closet,lemari air
ğŸš°,water,air,Ã°Å¸Å¡Â°,potable water,air minum
ğŸš®,trash,sampah,Ã°Å¸Å¡Â®,litter in bin sign,tanda sampah di tempat sampah
ğŸ…¿ï¸,parking,parkir,Ã°Å¸â€¦Â¿Ã¯Â¸Â,P button,tombol P
â™¿ï¸,handicap,rintangan,Ã¢â„¢Â¿Ã¯Â¸Â,wheelchair symbol,simbol kursi roda
ğŸš­,nosmoking,DILARANG MEROKOK,Ã°Å¸Å¡Â­,no smoking,DILARANG MEROKOK
ğŸˆ·,asian,Asia,Ã°Å¸Ë†Â·,Japanese monthly amount button,Tombol jumlah bulanan Jepang
ğŸˆ¸,asian,Asia,Ã°Å¸Ë†Â¸,Japanese application button,Tombol aplikasi Jepang
ğŸˆ‚,asian,Asia,Ã°Å¸Ë†â€š,Japanese service charge button,Tombol biaya layanan Jepang
â“‚ï¸,metro,metro,Ã¢â€œâ€šÃ¯Â¸Â,circled M,dilingkari M
ğŸ›‚,service,melayani,Ã°Å¸â€ºâ€š,passport control,pemeriksaan paspor
ğŸ›„,baggage,bagasi,Ã°Å¸â€ºâ€,baggage claim,pengambilan bagasi
ğŸ›…,lockedbaggage,bagasi terkunci,Ã°Å¸â€ºâ€¦,left luggage,meninggalkan bagasi
ğŸ›ƒ,service,melayani,Ã°Å¸â€ºÆ’,customs,bea cukai
ğŸ‰‘,asian,Asia,Ã°Å¸â€°â€˜,Japanese acceptable button,Tombol yang dapat diterima dalam bahasa Jepang
ãŠ™ï¸,asian,Asia,Ã£Å â„¢Ã¯Â¸Â,Japanese secret button,Tombol rahasia Jepang
ãŠ—ï¸,asian,Asia,Ã£Å â€”Ã¯Â¸Â,Japanese congratulations button,Tombol ucapan selamat dalam bahasa Jepang
ğŸ†‘,cl,sel,Ã°Å¸â€ â€˜,CL button,tombol CL
ğŸ†˜,sos,jadi,Ã°Å¸â€ Ëœ,SOS button,tombol SOS
ğŸ†”,id,pengenal,Ã°Å¸â€ â€,ID button,tombol tanda pengenal
ğŸš«,no,TIDAK,Ã°Å¸Å¡Â«,prohibited,dilarang
ğŸ”,,,Ã°Å¸â€Å¾,no one under eighteen,tidak ada seorang pun yang berusia di bawah delapan belas tahun
ğŸ“µ,cell,sel,Ã°Å¸â€œÂµ,no mobile phones,tidak ada ponsel
ğŸš¯,litter,sampah,Ã°Å¸Å¡Â¯,no littering,dilarang membuang sampah sembarangan
ğŸš±,water,air,Ã°Å¸Å¡Â±,non-potable water,air yang tidak dapat diminum
ğŸš³,bike,sepeda,Ã°Å¸Å¡Â³,no bicycles,tidak ada sepeda
ğŸš·,walk,berjalan,Ã°Å¸Å¡Â·,no pedestrians,tidak ada pejalan kaki
ğŸš¸,child,anak,Ã°Å¸Å¡Â¸,children crossing,anak-anak menyeberang
â›”ï¸,enter,memasuki,Ã¢â€ºâ€Ã¯Â¸Â,no entry,dilarang masuk
âœ³ï¸,star,bintang,Ã¢Å“Â³Ã¯Â¸Â,eight-spoked asterisk,tanda bintang berjari delapan
â‡ï¸,star,bintang,Ã¢Ââ€¡Ã¯Â¸Â,sparkle,berkilau
â,x,X,Ã¢ÂÅ½,cross mark button,tombol tanda silang
âœ…,check,memeriksa,Ã¢Å“â€¦,check mark button,tombol tanda centang
âœ´ï¸,star,bintang,Ã¢Å“Â´Ã¯Â¸Â,eight-pointed star,bintang berujung delapan
ğŸ’Ÿ,heart,jantung,Ã°Å¸â€™Å¸,heart decoration,dekorasi hati
ğŸ†š,vs,vs,Ã°Å¸â€ Å¡,VS button,tombol VS
ğŸ“³,phoneheart,teleponhati,Ã°Å¸â€œÂ³,vibration mode,modus getaran
ğŸ“´,phoneoff,telepon mati,Ã°Å¸â€œÂ´,mobile phone off,ponsel mati
ğŸ…°,a,A,Ã°Å¸â€¦Â°,A button (blood type),Tombol (golongan darah)
ğŸ…±,b,B,Ã°Å¸â€¦Â±,B button (blood type),Tombol B (golongan darah)
ğŸ†,ab,ab,Ã°Å¸â€ Å½,AB button (blood type),Tombol AB (golongan darah)
ğŸ…¾,o,Hai,Ã°Å¸â€¦Â¾,O button (blood type),Tombol O (golongan darah)
ğŸ’ ,diamond,berlian,Ã°Å¸â€™,diamond with a dot,berlian dengan titik
â¿,twoloops,dua putaran,Ã¢Å¾Â¿,double curly loop,lingkaran keriting ganda
â™»ï¸,recycle,mendaur ulang,Ã¢â„¢Â»Ã¯Â¸Â,recycling symbol,simbol daur ulang
â™ˆï¸,zodiac,zodiak,Ã¢â„¢Ë†Ã¯Â¸Â,Aries,Aries
â™‰ï¸,zodiac,zodiak,Ã¢â„¢â€°Ã¯Â¸Â,Taurus,Taurus
â™Šï¸,zodiac,zodiak,Ã¢â„¢Å Ã¯Â¸Â,Gemini,Gemini
â™‹ï¸,zodiac,zodiak,Ã¢â„¢â€¹Ã¯Â¸Â,Cancer,Kanker
â™Œï¸,zodiac,zodiak,Ã¢â„¢Å’Ã¯Â¸Â,Leo,Leo
â™ï¸,zodiac,zodiak,Ã¢â„¢ÂÃ¯Â¸Â,Virgo,Virgo
â™ï¸,zodiac,zodiak,Ã¢â„¢Å½Ã¯Â¸Â,Libra,Libra
â™ï¸,zodiac,zodiak,Ã¢â„¢ÂÃ¯Â¸Â,Scorpio,Scorpio
â™ï¸,zodiac,zodiak,Ã¢â„¢ÂÃ¯Â¸Â,Sagittarius,Sagittarius
â™‘ï¸,zodiac,zodiak,Ã¢â„¢â€˜Ã¯Â¸Â,Capricorn,Capricornus
â™’ï¸,zodiac,zodiak,Ã¢â„¢â€™Ã¯Â¸Â,Aquarius,Aquarius
â™“ï¸,zodiac,zodiak,Ã¢â„¢â€œÃ¯Â¸Â,Pisces,Pisces
â›,zodiac,zodiak,Ã¢â€ºÅ½,Ophiuchus,Ophiuchus
ğŸ”¯,zodiac,zodiak,Ã°Å¸â€Â¯,dotted six-pointed star,bintang berujung enam bertitik
ğŸ§,atm,ATM,Ã°Å¸ÂÂ§,ATM sign,Tanda ATM
ğŸ’¹,yen,yen,Ã°Å¸â€™Â¹,chart increasing with yen,grafik meningkat dengan yen
ğŸ’²,dollar,dolar,Ã°Å¸â€™Â²,heavy dollar sign,tanda dolar yang berat
ğŸ’±,money,uang,Ã°Å¸â€™Â±,currency exchange,penukaran mata uang
Â©,copyright,hak cipta,Ã‚Â©,copyright,hak cipta
Â®,register,daftar,Ã‚Â®,registered,terdaftar
â„¢,tm,tm,Ã¢â€Â¢,trade mark,merek dagang
âŒ,x,X,Ã¢ÂÅ’,cross mark,tanda silang
â€¼ï¸,doubleexcl,pengecualian ganda,Ã¢â‚¬Â¼Ã¯Â¸Â,double exclamation mark,tanda seru ganda
â‰ï¸,exclquestion,pengecualian,Ã¢Ââ€°Ã¯Â¸Â,exclamation question mark,tanda tanya seru
â—ï¸,excl,tidak termasuk,Ã¢Ââ€”Ã¯Â¸Â,red exclamation mark,tanda seru merah
â“,question,pertanyaan,Ã¢Ââ€œ,red question mark,tanda tanya merah
â•,grayexcl,abu-abu kecuali,Ã¢Ââ€¢,white exclamation mark,tanda seru berwarna putih
â”,grayquestion,pertanyaan abu-abu,Ã¢Ââ€,white question mark,tanda tanya putih
â­•ï¸,o,Hai,Ã¢Â­â€¢Ã¯Â¸Â,hollow red circle,lingkaran merah berongga
ğŸ”,top,atas,Ã°Å¸â€Â,TOP arrow,Panah ATAS
ğŸ”š,end,akhir,Ã°Å¸â€Å¡,END arrow,panah AKHIR
ğŸ”™,back,kembali,Ã°Å¸â€â„¢,BACK arrow,panah KEMBALI
ğŸ”›,on,pada,Ã°Å¸â€â€º,ON! arrow,PADA! anak panah
ğŸ”œ,soon,segera,Ã°Å¸â€Å“,SOON arrow,SEGERA panah
ğŸ”ƒ,loop,lingkaran,Ã°Å¸â€Æ’,clockwise vertical arrows,panah vertikal searah jarum jam
ğŸ•›,time,waktu,Ã°Å¸â€¢â€º,twelve oâ€™clock,jam dua belas
ğŸ•§,time,waktu,Ã°Å¸â€¢Â§,twelve-thirty,dua belas tiga puluh
ğŸ•,time,waktu,Ã°Å¸â€¢Â,one oâ€™clock,jam satu
ğŸ•œ,time,waktu,Ã°Å¸â€¢Å“,one-thirty,pukul satu tiga puluh
ğŸ•‘,time,waktu,Ã°Å¸â€¢â€˜,two oâ€™clock,jam dua
ğŸ•,time,waktu,Ã°Å¸â€¢Â,two-thirty,dua tiga puluh
ğŸ•’,time,waktu,Ã°Å¸â€¢â€™,three oâ€™clock,jam tiga
ğŸ•,time,waktu,Ã°Å¸â€¢Å¾,three-thirty,tiga tiga puluh
ğŸ•“,time,waktu,Ã°Å¸â€¢â€œ,four oâ€™clock,Jam empat
ğŸ•Ÿ,time,waktu,Ã°Å¸â€¢Å¸,four-thirty,pukul empat tiga puluh
ğŸ•”,time,waktu,Ã°Å¸â€¢â€,five oâ€™clock,jam lima
ğŸ• ,time,waktu,Ã°Å¸â€¢,five-thirty,lima tiga puluh
ğŸ••,time,waktu,Ã°Å¸â€¢â€¢,six oâ€™clock,jam enam
ğŸ•–,time,waktu,Ã°Å¸â€¢â€“,seven oâ€™clock,jam tujuh
ğŸ•—,time,waktu,Ã°Å¸â€¢â€”,eight oâ€™clock,jam delapan
ğŸ•˜,time,waktu,Ã°Å¸â€¢Ëœ,nine oâ€™clock,jam sembilan
ğŸ•™,time,waktu,Ã°Å¸â€¢â„¢,ten oâ€™clock,jam sepuluh
ğŸ•š,time,waktu,Ã°Å¸â€¢Å¡,eleven oâ€™clock,jam sebelas tepat
ğŸ•¡,time,waktu,Ã°Å¸â€¢Â¡,six-thirty,jam enam tiga puluh
ğŸ•¢,time,waktu,Ã°Å¸â€¢Â¢,seven-thirty,tujuh tigapuluh
ğŸ•£,time,waktu,Ã°Å¸â€¢Â£,eight-thirty,jam delapan tiga puluh
ğŸ•¤,time,waktu,Ã°Å¸â€¢Â¤,nine-thirty,sembilan tiga puluh
ğŸ•¥,time,waktu,Ã°Å¸â€¢Â¥,ten-thirty,jam sepuluh tiga puluh
ğŸ•¦,time,waktu,Ã°Å¸â€¢Â¦,eleven-thirty,sebelas tiga puluh
âœ–ï¸,math,matematika,Ã¢Å“â€“Ã¯Â¸Â,multiply,berkembang biak
â•,math,matematika,Ã¢Å¾â€¢,plus,plus
â–,math,matematika,Ã¢Å¾â€“,minus,dikurangi
â—,math,matematika,Ã¢Å¾â€”,divide,membagi
â™ ï¸,card,kartu,Ã¢â„¢ Ã¯Â¸Â,spade suit,setelan sekop
â™¥ï¸,card,kartu,Ã¢â„¢Â¥Ã¯Â¸Â,heart suit,setelan hati
â™£ï¸,card,kartu,Ã¢â„¢Â£Ã¯Â¸Â,club suit,setelan klub
â™¦ï¸,card,kartu,Ã¢â„¢Â¦Ã¯Â¸Â,diamond suit,setelan berlian
ğŸ’®,card,kartu,Ã°Å¸â€™Â®,white flower,bunga putih
ğŸ’¯,card,kartu,Ã°Å¸â€™Â¯,hundred points,seratus poin
âœ”ï¸,check,memeriksa,Ã¢Å“â€Ã¯Â¸Â,check mark,Tanda cek
â˜‘ï¸,check,memeriksa,Ã¢Ëœâ€˜Ã¯Â¸Â,check box with check,kotak centang dengan centang
ğŸ”˜,radio,radio,Ã°Å¸â€Ëœ,radio button,tombol radio
ğŸ”—,paperclip,klip kertas,Ã°Å¸â€â€”,link,tautan
â°,loop,lingkaran,Ã¢Å¾Â°,curly loop,lingkaran keriting
ã€°,wiggle,menggoyangkan,Ã£â‚¬Â°,wavy dash,garis bergelombang
ã€½ï¸,wiggle,menggoyangkan,Ã£â‚¬Â½Ã¯Â¸Â,part alternation mark,tanda pergantian bagian
ğŸ”±,flourant,subur,Ã°Å¸â€Â±,trident emblem,lambang trisula
â—¼ï¸,button,tombol,Ã¢â€”Â¼Ã¯Â¸Â,black medium square,kotak sedang hitam
â—»ï¸,button,tombol,Ã¢â€”Â»Ã¯Â¸Â,white medium square,kotak sedang berwarna putih
â—¾ï¸,button,tombol,Ã¢â€”Â¾Ã¯Â¸Â,black medium-small square,kotak hitam sedang-kecil
â—½ï¸,button,tombol,Ã¢â€”Â½Ã¯Â¸Â,white medium-small square,kotak putih sedang-kecil
â–ªï¸,button,tombol,Ã¢â€“ÂªÃ¯Â¸Â,black small square,kotak kecil berwarna hitam
â–«ï¸,button,tombol,Ã¢â€“Â«Ã¯Â¸Â,white small square,kotak kecil berwarna putih
ğŸ”º,button,tombol,Ã°Å¸â€Âº,red triangle pointed up,segitiga merah menunjuk ke atas
ğŸ”²,button,tombol,Ã°Å¸â€Â²,black square button,tombol kotak hitam
ğŸ”³,button,tombol,Ã°Å¸â€Â³,white square button,tombol kotak putih
âš«ï¸,button,tombol,Ã¢Å¡Â«Ã¯Â¸Â,black circle,lingkaran hitam
âšªï¸,button,tombol,Ã¢Å¡ÂªÃ¯Â¸Â,white circle,lingkaran putih
ğŸ”´,button,tombol,Ã°Å¸â€Â´,red circle,lingkaran merah
ğŸ”µ,button,tombol,Ã°Å¸â€Âµ,blue circle,lingkaran biru
ğŸ”»,button,tombol,Ã°Å¸â€Â»,red triangle pointed down,segitiga merah menunjuk ke bawah
â¬œï¸,button,tombol,Ã¢Â¬Å“Ã¯Â¸Â,white large square,persegi besar berwarna putih
â¬›ï¸,button,tombol,Ã¢Â¬â€ºÃ¯Â¸Â,black large square,kotak hitam besar
ğŸ”¶,button,tombol,Ã°Å¸â€Â¶,large orange diamond,berlian oranye besar
ğŸ”·,button,tombol,Ã°Å¸â€Â·,large blue diamond,berlian biru besar
ğŸ”¸,button,tombol,Ã°Å¸â€Â¸,small orange diamond,berlian oranye kecil
ğŸ”¹,button,tombol,Ã°Å¸â€Â¹,small blue diamond,berlian biru kecil
ğŸ––,Vulcan,hormat,Ã°Å¸â€“â€“,vulcan salute,salut vulkan
ğŸ––ğŸ»,Vulcan,hormat,Ã°Å¸â€“â€“Ã°Å¸ÂÂ»,vulcan salute light skin tone,vulcan salut warna kulit cerah
ğŸ––ğŸ¼,Vulcan,hormat,Ã°Å¸â€“â€“Ã°Å¸ÂÂ¼,vulcan salute medium-light skin tone,vulcan salut warna kulit cerah sedang
ğŸ––ğŸ½,Vulcan,hormat,Ã°Å¸â€“â€“Ã°Å¸ÂÂ½,vulcan salute medium skin tone,salut vulcan warna kulit sedang
ğŸ––ğŸ¾,Vulcan,hormat,Ã°Å¸â€“â€“Ã°Å¸ÂÂ¾,vulcan salute medium-dark skin tone,vulcan salut warna kulit sedang-gelap
ğŸ––ğŸ¿,Vulcan,hormat,Ã°Å¸â€“â€“Ã°Å¸ÂÂ¿,vulcan salute dark skin tone,vulcan salut warna kulit gelap
